image_name,label
8785.jpg,1
10679.jpg,0
20675.jpg,2
21831.jpg,4
14093.jpg,5
7723.jpg,5
19341.jpg,3
14587.jpg,1
11953.jpg,2
6162.jpg,5
17082.jpg,0
17213.jpg,0
18747.jpg,3
11391.jpg,3
18549.jpg,1
10286.jpg,1
20499.jpg,4
15946.jpg,3
5929.jpg,4
4196.jpg,0
14346.jpg,0
7316.jpg,5
4591.jpg,5
17909.jpg,1
2047.jpg,1
22715.jpg,4
11769.jpg,3
12377.jpg,5
9200.jpg,0
16535.jpg,2
23583.jpg,1
1638.jpg,5
8988.jpg,1
513.jpg,0
5723.jpg,5
9115.jpg,2
1797.jpg,4
13968.jpg,0
5000.jpg,5
23863.jpg,3
17556.jpg,3
2640.jpg,4
11153.jpg,2
9056.jpg,3
11884.jpg,4
20456.jpg,3
5394.jpg,2
19790.jpg,1
22435.jpg,5
1061.jpg,3
15031.jpg,0
20434.jpg,4
17620.jpg,3
8465.jpg,4
4718.jpg,5
3609.jpg,0
4011.jpg,2
18537.jpg,1
6476.jpg,1
12155.jpg,4
2982.jpg,0
22972.jpg,4
21622.jpg,0
9723.jpg,2
4023.jpg,4
16107.jpg,2
11299.jpg,2
6094.jpg,4
19102.jpg,3
15727.jpg,2
22323.jpg,4
16384.jpg,4
23035.jpg,3
14083.jpg,3
17899.jpg,3
14558.jpg,5
8568.jpg,0
19059.jpg,0
7497.jpg,3
16151.jpg,2
10226.jpg,3
13161.jpg,2
16907.jpg,0
15442.jpg,5
18545.jpg,2
19109.jpg,1
3068.jpg,3
1835.jpg,3
2545.jpg,0
14511.jpg,3
653.jpg,5
4136.jpg,3
21205.jpg,0
18340.jpg,2
21323.jpg,5
1109.jpg,5
5493.jpg,3
2231.jpg,3
12341.jpg,1
10696.jpg,3
10133.jpg,3
21552.jpg,3
4743.jpg,5
14921.jpg,2
6181.jpg,4
10484.jpg,3
24084.jpg,2
9845.jpg,5
19528.jpg,0
13424.jpg,4
13458.jpg,1
5409.jpg,0
3966.jpg,3
22055.jpg,1
4751.jpg,5
9242.jpg,1
17477.jpg,4
199.jpg,1
15578.jpg,2
14032.jpg,2
20729.jpg,4
8806.jpg,0
12340.jpg,5
2016.jpg,5
17862.jpg,4
9594.jpg,2
4347.jpg,5
8150.jpg,2
19767.jpg,0
5689.jpg,3
17440.jpg,5
428.jpg,2
6140.jpg,3
18830.jpg,1
5403.jpg,0
2026.jpg,4
13513.jpg,1
21315.jpg,3
129.jpg,4
16015.jpg,0
16230.jpg,2
12715.jpg,3
2861.jpg,4
17572.jpg,1
4903.jpg,2
7376.jpg,5
9371.jpg,4
13840.jpg,0
7243.jpg,5
6497.jpg,3
1579.jpg,2
14386.jpg,5
13845.jpg,1
6995.jpg,0
12851.jpg,4
9486.jpg,4
3312.jpg,1
12895.jpg,1
7050.jpg,0
1839.jpg,3
16803.jpg,1
12614.jpg,2
23651.jpg,3
22902.jpg,1
7988.jpg,1
4876.jpg,1
13120.jpg,2
13436.jpg,3
19906.jpg,5
10531.jpg,5
4894.jpg,3
21652.jpg,1
13653.jpg,3
20514.jpg,5
18681.jpg,3
11995.jpg,2
22282.jpg,2
10427.jpg,3
1795.jpg,1
7880.jpg,3
13636.jpg,3
9328.jpg,2
1704.jpg,1
20503.jpg,3
22507.jpg,5
22285.jpg,1
930.jpg,2
22081.jpg,3
3838.jpg,2
9178.jpg,1
1524.jpg,1
16841.jpg,3
10339.jpg,4
5887.jpg,4
14506.jpg,1
23685.jpg,5
2216.jpg,3
1125.jpg,2
22758.jpg,0
21795.jpg,3
9248.jpg,1
584.jpg,4
8812.jpg,1
4564.jpg,4
20042.jpg,1
18413.jpg,1
14542.jpg,4
17035.jpg,3
6674.jpg,3
16922.jpg,1
565.jpg,1
18871.jpg,2
5802.jpg,0
13296.jpg,2
2208.jpg,1
14478.jpg,2
11912.jpg,4
10979.jpg,2
6546.jpg,2
20945.jpg,5
18759.jpg,5
1092.jpg,2
10830.jpg,5
11907.jpg,3
12960.jpg,5
6617.jpg,4
4642.jpg,5
15527.jpg,5
8979.jpg,2
18198.jpg,5
17815.jpg,0
14942.jpg,1
8015.jpg,5
5864.jpg,2
6554.jpg,4
4781.jpg,4
14046.jpg,4
2819.jpg,0
3867.jpg,5
21253.jpg,4
24327.jpg,2
20466.jpg,3
12090.jpg,3
7568.jpg,5
11920.jpg,4
17772.jpg,3
23691.jpg,2
21005.jpg,2
18635.jpg,5
11792.jpg,0
12545.jpg,0
20375.jpg,1
9197.jpg,0
19618.jpg,2
24134.jpg,2
13581.jpg,4
221.jpg,3
3987.jpg,4
4502.jpg,5
21190.jpg,1
4765.jpg,5
475.jpg,1
17388.jpg,4
17650.jpg,5
12648.jpg,3
3778.jpg,0
14347.jpg,4
22225.jpg,1
12847.jpg,0
4809.jpg,5
10486.jpg,0
8221.jpg,5
9424.jpg,1
7426.jpg,0
14775.jpg,2
14084.jpg,5
5876.jpg,3
527.jpg,3
7925.jpg,3
17133.jpg,3
12332.jpg,2
8911.jpg,5
4610.jpg,3
7524.jpg,0
1393.jpg,0
20338.jpg,3
11147.jpg,5
6863.jpg,3
5158.jpg,3
19863.jpg,1
14357.jpg,4
15764.jpg,1
7077.jpg,1
2611.jpg,5
8317.jpg,1
20452.jpg,0
22835.jpg,4
8936.jpg,3
3321.jpg,3
2750.jpg,1
4449.jpg,5
1026.jpg,1
18935.jpg,3
15786.jpg,5
3135.jpg,4
21976.jpg,4
10106.jpg,3
557.jpg,1
19482.jpg,1
15890.jpg,3
8729.jpg,1
1036.jpg,3
7817.jpg,0
16967.jpg,2
2734.jpg,4
18801.jpg,4
4991.jpg,1
18623.jpg,4
23699.jpg,3
9038.jpg,1
13817.jpg,1
9326.jpg,3
17103.jpg,2
21235.jpg,2
6435.jpg,1
2583.jpg,4
7371.jpg,1
13202.jpg,1
24030.jpg,0
4113.jpg,3
17351.jpg,0
22549.jpg,5
23506.jpg,2
21548.jpg,0
17599.jpg,2
14971.jpg,5
17538.jpg,2
21218.jpg,4
13585.jpg,4
14201.jpg,0
23252.jpg,1
16084.jpg,0
6322.jpg,0
19469.jpg,2
1802.jpg,1
14522.jpg,5
15863.jpg,1
16305.jpg,3
5718.jpg,3
22560.jpg,2
22060.jpg,3
8414.jpg,1
15548.jpg,1
8451.jpg,5
23081.jpg,2
13047.jpg,1
4180.jpg,5
9024.jpg,5
8330.jpg,3
5934.jpg,3
14842.jpg,0
7975.jpg,4
15252.jpg,1
1655.jpg,5
22729.jpg,0
18478.jpg,2
21088.jpg,1
5847.jpg,3
3590.jpg,0
12557.jpg,3
18867.jpg,1
22052.jpg,1
11061.jpg,1
19788.jpg,2
7622.jpg,4
16403.jpg,0
16782.jpg,1
9318.jpg,1
20604.jpg,3
17592.jpg,3
16329.jpg,3
16619.jpg,4
22403.jpg,4
21388.jpg,2
20993.jpg,2
885.jpg,2
4035.jpg,3
10054.jpg,2
3187.jpg,0
3515.jpg,3
3754.jpg,5
905.jpg,3
14370.jpg,2
12132.jpg,5
20428.jpg,3
19117.jpg,0
20369.jpg,2
22142.jpg,2
4101.jpg,3
23354.jpg,5
1433.jpg,2
13552.jpg,2
10905.jpg,4
21757.jpg,3
2485.jpg,0
13878.jpg,5
21474.jpg,1
11668.jpg,1
6727.jpg,2
19671.jpg,4
10371.jpg,1
15631.jpg,5
19665.jpg,0
15080.jpg,3
13392.jpg,5
23605.jpg,3
4379.jpg,1
2553.jpg,5
20542.jpg,3
9240.jpg,3
7104.jpg,0
21661.jpg,0
9834.jpg,2
15431.jpg,2
1143.jpg,1
5230.jpg,2
19028.jpg,4
20594.jpg,0
7130.jpg,3
21327.jpg,4
944.jpg,1
4684.jpg,5
21705.jpg,4
16704.jpg,1
14604.jpg,5
9624.jpg,5
6612.jpg,0
18259.jpg,0
15707.jpg,5
14155.jpg,2
15392.jpg,5
2563.jpg,2
19557.jpg,4
7109.jpg,0
21033.jpg,3
9591.jpg,2
17550.jpg,0
1141.jpg,2
22067.jpg,4
10702.jpg,3
6120.jpg,4
3595.jpg,3
11767.jpg,1
21839.jpg,3
7088.jpg,0
21608.jpg,4
1376.jpg,3
4282.jpg,5
13831.jpg,4
16909.jpg,1
11811.jpg,3
9513.jpg,2
12813.jpg,1
19269.jpg,4
21532.jpg,2
16029.jpg,3
334.jpg,1
6630.jpg,4
22211.jpg,4
794.jpg,1
2354.jpg,0
4919.jpg,1
18081.jpg,1
9915.jpg,0
20005.jpg,3
7923.jpg,2
7438.jpg,2
10439.jpg,2
18188.jpg,2
11757.jpg,2
23831.jpg,4
9215.jpg,5
490.jpg,2
3584.jpg,4
7486.jpg,5
19977.jpg,1
8951.jpg,2
8651.jpg,4
9379.jpg,3
3096.jpg,0
5868.jpg,2
17833.jpg,1
9661.jpg,1
14402.jpg,2
10512.jpg,5
4424.jpg,5
9897.jpg,5
16514.jpg,5
7266.jpg,3
6357.jpg,0
20632.jpg,4
19448.jpg,1
4122.jpg,5
19376.jpg,1
291.jpg,3
12057.jpg,0
3463.jpg,0
4432.jpg,4
3471.jpg,3
20251.jpg,1
3486.jpg,0
13867.jpg,4
8024.jpg,5
15022.jpg,3
6534.jpg,3
17377.jpg,5
1470.jpg,4
11102.jpg,4
4183.jpg,5
7353.jpg,5
14053.jpg,2
7969.jpg,4
18097.jpg,1
8664.jpg,4
21673.jpg,2
2834.jpg,5
4394.jpg,5
6690.jpg,4
12896.jpg,5
11115.jpg,3
20701.jpg,3
19893.jpg,5
16445.jpg,3
20778.jpg,2
1351.jpg,1
14757.jpg,4
12201.jpg,3
18802.jpg,5
13176.jpg,2
11285.jpg,0
16779.jpg,2
22816.jpg,0
13290.jpg,2
15193.jpg,3
888.jpg,5
16117.jpg,5
19881.jpg,3
12253.jpg,2
19836.jpg,2
18134.jpg,0
5320.jpg,2
4071.jpg,0
11500.jpg,2
18975.jpg,4
10957.jpg,2
9100.jpg,4
16318.jpg,3
605.jpg,0
23168.jpg,3
13462.jpg,1
6001.jpg,3
17409.jpg,3
5567.jpg,0
11025.jpg,2
12422.jpg,2
4533.jpg,5
19479.jpg,4
23082.jpg,2
20065.jpg,2
10157.jpg,5
20743.jpg,5
21549.jpg,1
2812.jpg,4
7921.jpg,2
15868.jpg,0
7511.jpg,3
21820.jpg,1
17153.jpg,2
11715.jpg,5
15508.jpg,1
21946.jpg,1
23805.jpg,1
20836.jpg,3
16071.jpg,1
9212.jpg,4
10501.jpg,2
5184.jpg,2
5491.jpg,4
8426.jpg,1
13297.jpg,2
21848.jpg,2
9902.jpg,4
63.jpg,3
10700.jpg,0
10244.jpg,2
5265.jpg,0
9161.jpg,0
8802.jpg,2
13381.jpg,5
17365.jpg,1
16161.jpg,0
12199.jpg,3
9791.jpg,3
3755.jpg,4
4014.jpg,0
20518.jpg,4
18067.jpg,3
22482.jpg,0
24074.jpg,4
7070.jpg,4
9085.jpg,3
4510.jpg,4
22270.jpg,0
3027.jpg,0
22622.jpg,1
23513.jpg,4
4329.jpg,1
3897.jpg,5
12326.jpg,2
9411.jpg,1
15723.jpg,5
17203.jpg,4
15315.jpg,1
19433.jpg,3
6207.jpg,4
2268.jpg,1
10247.jpg,4
8004.jpg,0
5106.jpg,4
1390.jpg,3
19503.jpg,2
2442.jpg,0
4429.jpg,3
11607.jpg,3
15237.jpg,5
23897.jpg,2
8817.jpg,4
14762.jpg,1
1180.jpg,1
11420.jpg,5
5370.jpg,3
14697.jpg,2
23426.jpg,0
10675.jpg,0
14596.jpg,4
18619.jpg,2
20552.jpg,3
11538.jpg,3
16040.jpg,1
4434.jpg,5
3887.jpg,3
10890.jpg,3
4570.jpg,5
6176.jpg,5
3022.jpg,4
4291.jpg,5
15229.jpg,2
13447.jpg,3
1800.jpg,1
9630.jpg,5
7736.jpg,0
736.jpg,0
12625.jpg,3
4603.jpg,4
10885.jpg,2
13971.jpg,4
11248.jpg,2
3277.jpg,5
17290.jpg,2
11874.jpg,5
7832.jpg,1
24278.jpg,2
21733.jpg,2
2444.jpg,1
20047.jpg,4
7613.jpg,0
20707.jpg,4
17155.jpg,0
8461.jpg,0
15485.jpg,2
3350.jpg,3
13208.jpg,3
3853.jpg,3
17010.jpg,2
1008.jpg,5
16539.jpg,5
5580.jpg,3
655.jpg,5
22.jpg,1
6200.jpg,2
17188.jpg,5
10333.jpg,4
21928.jpg,2
13895.jpg,5
4766.jpg,3
15779.jpg,3
8888.jpg,4
10586.jpg,5
19165.jpg,2
12082.jpg,3
18509.jpg,3
4213.jpg,2
17048.jpg,4
1431.jpg,1
22497.jpg,0
17471.jpg,3
18647.jpg,4
2213.jpg,2
12553.jpg,5
18979.jpg,3
802.jpg,3
15706.jpg,0
12061.jpg,4
16546.jpg,0
453.jpg,3
20979.jpg,4
8799.jpg,1
13034.jpg,3
13450.jpg,4
632.jpg,3
9638.jpg,0
17398.jpg,5
23895.jpg,1
2722.jpg,0
13063.jpg,3
17710.jpg,3
7156.jpg,5
21114.jpg,1
11577.jpg,4
360.jpg,0
8666.jpg,3
2631.jpg,5
19155.jpg,3
12804.jpg,2
1808.jpg,3
10225.jpg,1
11703.jpg,4
4993.jpg,1
10737.jpg,5
10017.jpg,3
23569.jpg,1
8597.jpg,3
23824.jpg,3
3414.jpg,0
23645.jpg,5
18589.jpg,5
12476.jpg,3
9194.jpg,2
7811.jpg,2
9170.jpg,1
15162.jpg,2
14069.jpg,0
1427.jpg,5
13408.jpg,0
4653.jpg,5
429.jpg,4
12722.jpg,5
17876.jpg,1
4625.jpg,3
2728.jpg,0
4473.jpg,3
14513.jpg,0
19918.jpg,0
11822.jpg,4
9131.jpg,0
13727.jpg,3
2844.jpg,1
3698.jpg,1
16900.jpg,3
10302.jpg,3
9582.jpg,4
9316.jpg,2
7390.jpg,0
2904.jpg,2
16220.jpg,3
22190.jpg,0
4583.jpg,5
20323.jpg,5
4687.jpg,0
19191.jpg,4
19645.jpg,4
996.jpg,3
21332.jpg,4
22937.jpg,5
19333.jpg,5
7870.jpg,1
7918.jpg,1
15172.jpg,3
23485.jpg,1
4787.jpg,3
1136.jpg,4
5036.jpg,2
18179.jpg,4
17391.jpg,0
132.jpg,4
7608.jpg,5
19084.jpg,5
8678.jpg,5
4696.jpg,0
14737.jpg,1
22008.jpg,4
18626.jpg,3
8523.jpg,4
4324.jpg,5
7301.jpg,1
16300.jpg,0
17271.jpg,5
10475.jpg,3
15658.jpg,0
21629.jpg,5
8398.jpg,3
18939.jpg,4
1360.jpg,3
8135.jpg,4
10391.jpg,3
10685.jpg,4
16299.jpg,4
6451.jpg,3
23690.jpg,4
1777.jpg,0
16743.jpg,2
14018.jpg,5
15023.jpg,5
13100.jpg,3
19208.jpg,2
4577.jpg,5
16263.jpg,4
3605.jpg,1
3252.jpg,3
15014.jpg,1
1348.jpg,1
23350.jpg,0
21830.jpg,3
21602.jpg,5
1649.jpg,3
17059.jpg,5
20324.jpg,4
12932.jpg,5
12791.jpg,5
18371.jpg,5
22468.jpg,1
3906.jpg,2
2801.jpg,2
6251.jpg,1
21493.jpg,2
6595.jpg,0
4073.jpg,4
6291.jpg,3
10284.jpg,3
20426.jpg,0
23914.jpg,1
20015.jpg,2
9225.jpg,2
3668.jpg,3
13150.jpg,2
16751.jpg,3
4343.jpg,0
10069.jpg,4
18818.jpg,4
16970.jpg,2
5581.jpg,5
14678.jpg,0
8944.jpg,1
24067.jpg,5
15350.jpg,2
11017.jpg,3
3335.jpg,3
2778.jpg,4
6582.jpg,0
17255.jpg,0
22590.jpg,3
22466.jpg,5
18395.jpg,3
9041.jpg,4
17245.jpg,4
890.jpg,1
16068.jpg,2
10101.jpg,3
12564.jpg,0
1578.jpg,3
8403.jpg,1
6361.jpg,0
21021.jpg,5
21195.jpg,1
20399.jpg,1
23983.jpg,3
22975.jpg,0
21922.jpg,2
16766.jpg,3
21346.jpg,0
19321.jpg,1
2007.jpg,0
10956.jpg,3
8586.jpg,4
20850.jpg,3
1769.jpg,2
3757.jpg,0
17116.jpg,3
5762.jpg,1
4091.jpg,2
9227.jpg,4
15788.jpg,2
8320.jpg,3
11192.jpg,2
4949.jpg,2
18286.jpg,0
20636.jpg,5
4043.jpg,3
12833.jpg,4
20055.jpg,5
6424.jpg,1
12954.jpg,4
15891.jpg,2
18662.jpg,3
23631.jpg,2
23508.jpg,3
12832.jpg,2
19436.jpg,1
21534.jpg,5
9187.jpg,5
119.jpg,2
5856.jpg,0
16639.jpg,5
3362.jpg,3
22796.jpg,4
21728.jpg,1
3612.jpg,0
15621.jpg,4
6165.jpg,3
13237.jpg,0
948.jpg,2
920.jpg,0
21495.jpg,4
13271.jpg,0
15353.jpg,3
15524.jpg,5
3349.jpg,0
7213.jpg,5
3565.jpg,5
117.jpg,5
16791.jpg,4
9134.jpg,4
5130.jpg,0
8258.jpg,4
19111.jpg,3
2167.jpg,3
709.jpg,3
2872.jpg,1
21147.jpg,0
3164.jpg,1
5255.jpg,5
20682.jpg,5
9738.jpg,5
4262.jpg,5
1752.jpg,5
826.jpg,4
13039.jpg,5
19500.jpg,0
2270.jpg,4
3161.jpg,0
10211.jpg,2
1478.jpg,4
20208.jpg,2
23059.jpg,2
22752.jpg,3
14405.jpg,0
20698.jpg,4
22146.jpg,0
1812.jpg,0
22454.jpg,3
21778.jpg,3
7903.jpg,1
1170.jpg,4
1448.jpg,2
15349.jpg,2
5528.jpg,4
2283.jpg,5
8050.jpg,5
21642.jpg,5
6950.jpg,0
2771.jpg,1
20792.jpg,2
10308.jpg,1
19029.jpg,5
15394.jpg,1
24238.jpg,1
7707.jpg,4
9113.jpg,2
5549.jpg,3
11397.jpg,5
23056.jpg,1
21958.jpg,4
21825.jpg,1
7614.jpg,5
1822.jpg,0
5415.jpg,1
4733.jpg,5
20412.jpg,1
10733.jpg,5
12922.jpg,2
22244.jpg,2
20032.jpg,1
15670.jpg,1
22791.jpg,4
2813.jpg,4
17861.jpg,2
4402.jpg,1
8180.jpg,1
18536.jpg,3
3048.jpg,0
13558.jpg,2
7269.jpg,1
17828.jpg,3
23440.jpg,1
4664.jpg,3
8815.jpg,1
15602.jpg,1
12234.jpg,5
10047.jpg,3
22794.jpg,0
5146.jpg,0
6957.jpg,5
3600.jpg,1
12952.jpg,3
15089.jpg,1
17140.jpg,1
10638.jpg,5
4735.jpg,3
16102.jpg,1
19022.jpg,5
8347.jpg,0
17134.jpg,0
18528.jpg,3
10869.jpg,3
11584.jpg,0
12363.jpg,3
17254.jpg,5
14722.jpg,5
4179.jpg,2
5251.jpg,4
21802.jpg,2
10366.jpg,4
1468.jpg,3
7643.jpg,1
6504.jpg,1
24071.jpg,2
9428.jpg,5
23546.jpg,3
22984.jpg,1
16129.jpg,4
9491.jpg,0
20507.jpg,3
13123.jpg,3
24216.jpg,0
15647.jpg,2
4636.jpg,2
16687.jpg,2
10012.jpg,5
12700.jpg,3
8282.jpg,3
797.jpg,0
10208.jpg,0
22770.jpg,0
19727.jpg,2
19480.jpg,1
15134.jpg,1
14200.jpg,1
23921.jpg,1
13193.jpg,5
16028.jpg,5
15652.jpg,3
3720.jpg,2
9747.jpg,4
6840.jpg,1
11273.jpg,5
12860.jpg,0
15840.jpg,5
7005.jpg,4
1515.jpg,5
5467.jpg,0
18981.jpg,4
5851.jpg,4
20855.jpg,1
21625.jpg,4
17623.jpg,5
8534.jpg,5
3705.jpg,3
14653.jpg,2
7488.jpg,0
22957.jpg,4
20312.jpg,1
21716.jpg,5
6228.jpg,3
11357.jpg,3
23021.jpg,3
4955.jpg,2
5967.jpg,5
18113.jpg,5
19258.jpg,1
13986.jpg,1
20349.jpg,5
881.jpg,2
25.jpg,4
12023.jpg,4
14320.jpg,2
21863.jpg,2
21471.jpg,4
10352.jpg,5
19518.jpg,2
4376.jpg,0
13619.jpg,4
8983.jpg,5
18448.jpg,1
5765.jpg,1
5478.jpg,4
2253.jpg,5
15634.jpg,3
17653.jpg,4
20803.jpg,3
22429.jpg,0
8167.jpg,3
22170.jpg,0
4799.jpg,4
18314.jpg,3
16940.jpg,3
19908.jpg,2
20101.jpg,0
6816.jpg,2
15046.jpg,5
15455.jpg,0
14790.jpg,0
10209.jpg,1
11915.jpg,5
23881.jpg,5
4933.jpg,1
1771.jpg,4
7299.jpg,1
1176.jpg,0
12073.jpg,3
20339.jpg,5
18168.jpg,2
8265.jpg,1
14265.jpg,5
2133.jpg,4
413.jpg,4
11531.jpg,0
13693.jpg,1
5066.jpg,2
4784.jpg,3
21180.jpg,4
5274.jpg,5
1264.jpg,1
3522.jpg,2
17068.jpg,4
926.jpg,2
23352.jpg,3
3317.jpg,3
858.jpg,3
19442.jpg,1
14922.jpg,5
5986.jpg,3
8082.jpg,3
20886.jpg,2
23905.jpg,3
22674.jpg,1
5857.jpg,0
2055.jpg,2
17850.jpg,3
14415.jpg,1
21713.jpg,4
18585.jpg,1
19008.jpg,0
21133.jpg,5
2447.jpg,5
3925.jpg,3
1072.jpg,4
4869.jpg,4
4801.jpg,3
7356.jpg,2
24162.jpg,3
18010.jpg,5
21515.jpg,2
1544.jpg,4
18126.jpg,2
4072.jpg,0
15201.jpg,5
16597.jpg,0
3550.jpg,4
19632.jpg,3
22573.jpg,2
16213.jpg,1
9556.jpg,2
13333.jpg,2
19288.jpg,0
1095.jpg,3
6116.jpg,5
8080.jpg,0
1598.jpg,1
11104.jpg,5
10169.jpg,5
20415.jpg,4
19911.jpg,2
1046.jpg,4
14361.jpg,0
828.jpg,3
24140.jpg,0
21273.jpg,3
9138.jpg,5
8052.jpg,2
6371.jpg,0
8176.jpg,0
3214.jpg,5
6730.jpg,4
13091.jpg,3
17908.jpg,1
11179.jpg,5
6658.jpg,4
15912.jpg,3
22945.jpg,4
15406.jpg,3
15365.jpg,2
21871.jpg,1
1102.jpg,4
3166.jpg,5
17929.jpg,1
9678.jpg,4
11693.jpg,3
849.jpg,0
12356.jpg,0
2920.jpg,2
20849.jpg,0
7583.jpg,4
20086.jpg,3
19181.jpg,0
18410.jpg,0
3625.jpg,3
16724.jpg,3
22618.jpg,3
19702.jpg,1
20118.jpg,4
22367.jpg,3
9826.jpg,3
14524.jpg,2
23602.jpg,5
7435.jpg,3
4722.jpg,1
20050.jpg,5
12631.jpg,1
12087.jpg,0
12285.jpg,1
17478.jpg,1
7148.jpg,2
1653.jpg,0
7432.jpg,0
17938.jpg,0
8809.jpg,5
21511.jpg,2
1931.jpg,4
4345.jpg,4
8464.jpg,4
2191.jpg,0
12437.jpg,0
7224.jpg,4
831.jpg,1
14204.jpg,3
23558.jpg,5
7133.jpg,4
9824.jpg,0
8784.jpg,3
17703.jpg,5
5181.jpg,2
14729.jpg,0
9145.jpg,5
14157.jpg,2
16148.jpg,2
18685.jpg,4
19082.jpg,0
15149.jpg,3
2020.jpg,5
17606.jpg,2
12373.jpg,3
12809.jpg,4
19504.jpg,5
20258.jpg,2
18358.jpg,3
23992.jpg,1
20496.jpg,5
9562.jpg,2
17513.jpg,4
8892.jpg,3
3983.jpg,0
21988.jpg,5
77.jpg,0
22217.jpg,2
19470.jpg,5
22613.jpg,4
11337.jpg,1
16894.jpg,3
4040.jpg,0
4203.jpg,0
10712.jpg,5
14796.jpg,1
13148.jpg,0
9654.jpg,4
15506.jpg,3
12975.jpg,4
21194.jpg,2
9177.jpg,0
5245.jpg,4
8400.jpg,1
6444.jpg,2
8652.jpg,1
20235.jpg,1
6901.jpg,5
2992.jpg,2
8432.jpg,3
3721.jpg,3
19744.jpg,2
548.jpg,5
6179.jpg,5
18333.jpg,1
17196.jpg,4
15053.jpg,4
4550.jpg,2
21821.jpg,2
803.jpg,2
15427.jpg,2
2106.jpg,2
22236.jpg,5
9590.jpg,2
6943.jpg,5
11540.jpg,4
19527.jpg,3
23650.jpg,3
23121.jpg,0
7260.jpg,3
16380.jpg,0
3322.jpg,2
9293.jpg,1
11962.jpg,1
11615.jpg,2
14487.jpg,1
18506.jpg,5
13724.jpg,2
7028.jpg,5
6423.jpg,4
20877.jpg,1
8326.jpg,0
14414.jpg,3
24116.jpg,1
14859.jpg,3
10423.jpg,0
13303.jpg,3
2833.jpg,1
2739.jpg,3
9210.jpg,3
14953.jpg,2
12192.jpg,4
14821.jpg,0
20957.jpg,4
11013.jpg,4
23341.jpg,3
2368.jpg,2
23020.jpg,2
17535.jpg,1
18910.jpg,4
16690.jpg,2
18966.jpg,3
8079.jpg,2
13012.jpg,4
8157.jpg,2
171.jpg,4
23834.jpg,5
2911.jpg,0
4170.jpg,3
20381.jpg,0
22733.jpg,4
4740.jpg,0
18387.jpg,1
11082.jpg,0
9280.jpg,3
10415.jpg,5
21835.jpg,1
7869.jpg,5
23944.jpg,1
15746.jpg,3
14784.jpg,3
19262.jpg,1
15914.jpg,0
1664.jpg,5
16890.jpg,4
20403.jpg,0
18762.jpg,2
761.jpg,3
7536.jpg,5
21867.jpg,1
23582.jpg,3
8173.jpg,5
8572.jpg,2
10873.jpg,1
5995.jpg,5
7528.jpg,2
18475.jpg,0
8823.jpg,4
18427.jpg,1
14929.jpg,5
22224.jpg,5
6906.jpg,4
16471.jpg,1
9794.jpg,4
11809.jpg,4
16840.jpg,5
19310.jpg,0
22591.jpg,5
6777.jpg,5
939.jpg,2
10906.jpg,5
11776.jpg,0
15381.jpg,4
3577.jpg,4
15859.jpg,4
149.jpg,1
10701.jpg,2
15077.jpg,1
985.jpg,2
1897.jpg,3
6879.jpg,5
4030.jpg,5
6785.jpg,2
9111.jpg,4
23038.jpg,0
2396.jpg,2
19229.jpg,1
8704.jpg,5
9121.jpg,4
13022.jpg,3
20837.jpg,3
9917.jpg,5
11573.jpg,0
7782.jpg,4
15420.jpg,1
237.jpg,3
20354.jpg,1
2620.jpg,1
4241.jpg,5
9030.jpg,3
14485.jpg,3
8765.jpg,2
18212.jpg,4
11422.jpg,2
8067.jpg,0
15728.jpg,1
12626.jpg,1
9617.jpg,2
4236.jpg,1
11901.jpg,0
19775.jpg,1
21803.jpg,2
16850.jpg,3
1086.jpg,2
15646.jpg,0
17829.jpg,3
22803.jpg,0
23722.jpg,1
12229.jpg,1
15566.jpg,0
10989.jpg,1
3.jpg,5
4702.jpg,1
20967.jpg,1
18315.jpg,5
7776.jpg,3
7738.jpg,4
7858.jpg,0
5826.jpg,3
16125.jpg,5
21891.jpg,1
2351.jpg,2
16978.jpg,4
16106.jpg,3
8160.jpg,3
6349.jpg,2
23112.jpg,2
13243.jpg,2
130.jpg,3
11761.jpg,2
1776.jpg,2
9452.jpg,1
24293.jpg,5
17974.jpg,2
21888.jpg,1
17316.jpg,2
8956.jpg,4
23646.jpg,0
14293.jpg,5
9730.jpg,3
12289.jpg,1
11012.jpg,5
14566.jpg,3
17428.jpg,4
11580.jpg,0
19914.jpg,4
13489.jpg,5
17460.jpg,4
4783.jpg,4
588.jpg,1
2522.jpg,1
11949.jpg,1
13399.jpg,0
23671.jpg,1
12838.jpg,5
13390.jpg,5
2624.jpg,0
23820.jpg,2
21974.jpg,3
15700.jpg,0
21836.jpg,5
19998.jpg,2
5739.jpg,1
21164.jpg,4
18746.jpg,3
18852.jpg,4
4468.jpg,0
10342.jpg,4
6788.jpg,4
6333.jpg,0
17382.jpg,2
1322.jpg,4
17247.jpg,2
8772.jpg,2
15399.jpg,2
6682.jpg,5
646.jpg,3
10649.jpg,4
19980.jpg,1
6229.jpg,5
22498.jpg,3
17720.jpg,1
23449.jpg,3
2867.jpg,2
5961.jpg,5
17289.jpg,1
7161.jpg,5
2737.jpg,3
6462.jpg,3
19611.jpg,4
18806.jpg,5
9697.jpg,1
11245.jpg,0
21732.jpg,3
22863.jpg,5
22305.jpg,5
6739.jpg,5
17949.jpg,2
16784.jpg,2
10657.jpg,1
24046.jpg,3
12800.jpg,1
9144.jpg,2
393.jpg,1
19543.jpg,3
6253.jpg,3
17601.jpg,1
7115.jpg,4
18869.jpg,0
21822.jpg,1
12352.jpg,1
22033.jpg,5
4448.jpg,5
12607.jpg,5
16820.jpg,5
18904.jpg,5
8190.jpg,4
6365.jpg,4
2376.jpg,5
23372.jpg,3
18479.jpg,2
9855.jpg,2
2798.jpg,4
21283.jpg,2
13647.jpg,5
22649.jpg,5
12141.jpg,0
1577.jpg,5
13358.jpg,5
17407.jpg,2
12675.jpg,4
4698.jpg,2
19194.jpg,4
4268.jpg,5
8645.jpg,2
12498.jpg,4
17159.jpg,4
7460.jpg,0
18194.jpg,0
19803.jpg,0
2825.jpg,2
20201.jpg,3
682.jpg,2
6916.jpg,2
13291.jpg,2
12606.jpg,1
20031.jpg,3
7467.jpg,4
10388.jpg,1
950.jpg,4
20736.jpg,5
598.jpg,4
4657.jpg,4
22229.jpg,1
9988.jpg,5
8288.jpg,5
19606.jpg,4
2816.jpg,2
16058.jpg,1
3814.jpg,4
17596.jpg,4
10651.jpg,2
22792.jpg,4
10212.jpg,4
12612.jpg,4
6665.jpg,4
19062.jpg,2
8108.jpg,0
23566.jpg,1
3953.jpg,1
21520.jpg,1
1197.jpg,1
18836.jpg,1
3371.jpg,1
23013.jpg,4
11548.jpg,2
9062.jpg,4
15158.jpg,5
10674.jpg,3
6450.jpg,3
19315.jpg,3
14151.jpg,5
1837.jpg,2
18570.jpg,5
8284.jpg,0
23618.jpg,3
110.jpg,3
8715.jpg,3
14965.jpg,4
15081.jpg,2
4525.jpg,2
2910.jpg,3
23917.jpg,1
19123.jpg,2
4853.jpg,2
16181.jpg,1
7068.jpg,2
13875.jpg,1
20102.jpg,1
16796.jpg,1
9949.jpg,1
616.jpg,0
593.jpg,2
6068.jpg,1
22523.jpg,1
21300.jpg,1
10819.jpg,3
17080.jpg,5
2756.jpg,5
19634.jpg,4
11682.jpg,4
2767.jpg,5
19313.jpg,2
9465.jpg,0
18713.jpg,2
19731.jpg,0
10401.jpg,3
5975.jpg,1
11210.jpg,0
7317.jpg,1
23134.jpg,4
5070.jpg,1
16233.jpg,3
20471.jpg,0
819.jpg,2
18362.jpg,5
14128.jpg,3
16465.jpg,0
2466.jpg,3
3644.jpg,2
13758.jpg,0
7917.jpg,0
14893.jpg,3
2467.jpg,3
9391.jpg,3
11711.jpg,3
18599.jpg,2
9288.jpg,3
14417.jpg,3
1534.jpg,3
8123.jpg,1
940.jpg,3
7991.jpg,4
23960.jpg,3
21619.jpg,3
21968.jpg,2
10682.jpg,3
22825.jpg,0
14086.jpg,2
23856.jpg,5
3133.jpg,0
7830.jpg,2
12831.jpg,3
18729.jpg,2
20361.jpg,1
15909.jpg,1
23483.jpg,2
24257.jpg,1
7680.jpg,3
2534.jpg,0
11137.jpg,3
22551.jpg,0
11972.jpg,0
145.jpg,0
6464.jpg,1
435.jpg,1
17224.jpg,4
2206.jpg,5
785.jpg,2
1018.jpg,1
13491.jpg,1
6860.jpg,1
11175.jpg,0
17518.jpg,1
11863.jpg,2
10395.jpg,5
20768.jpg,5
471.jpg,2
4730.jpg,5
15679.jpg,4
21693.jpg,3
13460.jpg,3
21708.jpg,2
16737.jpg,1
23258.jpg,3
5107.jpg,0
8359.jpg,2
14793.jpg,5
20583.jpg,2
1283.jpg,3
3976.jpg,4
13686.jpg,2
10677.jpg,2
23025.jpg,2
22361.jpg,3
8681.jpg,2
14376.jpg,2
22263.jpg,3
14169.jpg,0
493.jpg,1
20492.jpg,2
16140.jpg,1
23046.jpg,1
10292.jpg,1
23595.jpg,1
9735.jpg,0
23971.jpg,5
20364.jpg,3
8468.jpg,2
19149.jpg,3
2403.jpg,0
11009.jpg,2
22108.jpg,3
902.jpg,5
1223.jpg,3
13787.jpg,2
16747.jpg,2
11301.jpg,2
18274.jpg,3
23985.jpg,1
7883.jpg,4
1119.jpg,4
18377.jpg,0
14531.jpg,0
7013.jpg,4
15314.jpg,4
22084.jpg,2
16291.jpg,3
8795.jpg,0
6875.jpg,0
19361.jpg,2
11022.jpg,4
12867.jpg,2
15713.jpg,3
6738.jpg,2
4546.jpg,4
22288.jpg,5
14908.jpg,2
13707.jpg,5
2118.jpg,1
20012.jpg,2
9039.jpg,5
10734.jpg,1
8000.jpg,5
10897.jpg,2
9873.jpg,3
17210.jpg,5
7986.jpg,3
1749.jpg,0
16918.jpg,0
633.jpg,4
4693.jpg,5
1924.jpg,0
7740.jpg,2
14939.jpg,4
21382.jpg,3
20237.jpg,3
2404.jpg,0
2576.jpg,2
12095.jpg,3
20429.jpg,0
3576.jpg,2
8101.jpg,5
2224.jpg,2
8873.jpg,5
10893.jpg,4
20669.jpg,3
11758.jpg,5
8649.jpg,0
18684.jpg,2
14345.jpg,4
8226.jpg,5
23842.jpg,3
1166.jpg,4
7623.jpg,3
1785.jpg,4
14684.jpg,5
16347.jpg,4
21482.jpg,3
14747.jpg,1
7989.jpg,4
12376.jpg,4
16378.jpg,3
17218.jpg,4
21886.jpg,3
21425.jpg,4
20501.jpg,1
5953.jpg,5
19919.jpg,4
5391.jpg,3
5807.jpg,0
23063.jpg,1
1300.jpg,4
4464.jpg,5
16628.jpg,1
1929.jpg,5
15958.jpg,3
3919.jpg,4
11194.jpg,5
6010.jpg,3
13614.jpg,2
22106.jpg,4
19986.jpg,5
21654.jpg,3
2235.jpg,5
4760.jpg,0
20470.jpg,0
14364.jpg,2
24318.jpg,0
10158.jpg,2
5278.jpg,1
18998.jpg,4
5645.jpg,4
544.jpg,3
6297.jpg,4
577.jpg,4
8736.jpg,1
79.jpg,5
13101.jpg,1
22604.jpg,2
17549.jpg,2
12841.jpg,0
24081.jpg,5
12989.jpg,1
4685.jpg,3
4222.jpg,3
11341.jpg,2
19087.jpg,5
16754.jpg,2
13751.jpg,0
5639.jpg,2
19231.jpg,5
6925.jpg,3
8249.jpg,5
8516.jpg,2
12163.jpg,0
6483.jpg,1
17565.jpg,3
19083.jpg,0
2251.jpg,3
6621.jpg,5
4037.jpg,1
6403.jpg,2
18172.jpg,5
6846.jpg,1
11242.jpg,2
6806.jpg,3
1945.jpg,1
15128.jpg,5
10261.jpg,1
12764.jpg,3
20880.jpg,5
13457.jpg,3
19501.jpg,3
21562.jpg,3
4240.jpg,1
13936.jpg,1
15130.jpg,1
8943.jpg,4
4921.jpg,3
6725.jpg,4
7034.jpg,0
927.jpg,2
4318.jpg,3
4216.jpg,5
7762.jpg,0
8989.jpg,0
15722.jpg,0
20609.jpg,2
21755.jpg,4
1202.jpg,2
10823.jpg,0
8110.jpg,1
5545.jpg,3
6375.jpg,2
11835.jpg,1
3709.jpg,0
9390.jpg,4
3324.jpg,3
14350.jpg,1
143.jpg,3
6721.jpg,5
779.jpg,2
6300.jpg,2
989.jpg,0
1268.jpg,2
24291.jpg,3
15610.jpg,2
21071.jpg,4
14664.jpg,5
17979.jpg,5
9150.jpg,2
20155.jpg,3
21760.jpg,0
13227.jpg,1
21550.jpg,3
4680.jpg,1
23264.jpg,1
17157.jpg,3
4058.jpg,3
16877.jpg,0
4915.jpg,1
983.jpg,1
12899.jpg,0
7513.jpg,0
13169.jpg,0
14493.jpg,2
22841.jpg,4
4272.jpg,5
16202.jpg,2
1876.jpg,0
13889.jpg,2
8718.jpg,2
16685.jpg,3
16096.jpg,1
15276.jpg,5
19590.jpg,1
14210.jpg,0
23556.jpg,3
347.jpg,3
2271.jpg,4
14501.jpg,3
7911.jpg,0
23518.jpg,1
424.jpg,3
2488.jpg,0
1583.jpg,2
1745.jpg,5
1371.jpg,2
8303.jpg,3
8482.jpg,3
20280.jpg,4
738.jpg,3
15735.jpg,0
225.jpg,3
11651.jpg,3
14272.jpg,3
22007.jpg,4
22049.jpg,2
21379.jpg,2
14050.jpg,3
11678.jpg,2
10568.jpg,2
4587.jpg,0
24306.jpg,4
3043.jpg,4
11666.jpg,1
9294.jpg,1
15297.jpg,2
5232.jpg,4
2364.jpg,5
23331.jpg,4
23424.jpg,2
19561.jpg,0
16412.jpg,3
11195.jpg,2
2895.jpg,4
3942.jpg,1
4986.jpg,2
2945.jpg,1
16401.jpg,3
7484.jpg,4
13589.jpg,5
22926.jpg,0
20110.jpg,4
19763.jpg,5
6941.jpg,5
3970.jpg,3
13344.jpg,4
15583.jpg,1
6672.jpg,1
10048.jpg,0
22352.jpg,3
18193.jpg,5
23693.jpg,1
23572.jpg,3
16680.jpg,5
15781.jpg,5
15007.jpg,3
561.jpg,2
23767.jpg,2
16304.jpg,2
7025.jpg,0
16051.jpg,2
5015.jpg,1
4538.jpg,5
23665.jpg,1
19877.jpg,2
7792.jpg,1
1016.jpg,4
24079.jpg,3
15272.jpg,0
22788.jpg,1
6304.jpg,0
13015.jpg,3
9259.jpg,0
7394.jpg,3
8368.jpg,1
4703.jpg,1
10660.jpg,2
346.jpg,3
11729.jpg,2
4665.jpg,0
15738.jpg,0
20254.jpg,3
15801.jpg,5
10799.jpg,3
8075.jpg,2
22206.jpg,1
21268.jpg,4
19092.jpg,4
11423.jpg,3
17870.jpg,2
12781.jpg,5
6308.jpg,4
1071.jpg,4
15927.jpg,2
24069.jpg,3
601.jpg,2
5.jpg,0
15004.jpg,5
4563.jpg,4
9421.jpg,4
23891.jpg,0
5430.jpg,4
5164.jpg,0
2402.jpg,3
3642.jpg,1
6093.jpg,3
23601.jpg,4
1039.jpg,0
5005.jpg,4
23662.jpg,2
14042.jpg,0
4069.jpg,3
13168.jpg,4
18365.jpg,1
24064.jpg,1
6214.jpg,5
12423.jpg,0
8945.jpg,0
1456.jpg,2
14473.jpg,4
22894.jpg,5
5962.jpg,4
6211.jpg,5
19025.jpg,4
7036.jpg,5
7896.jpg,3
6614.jpg,3
24303.jpg,5
4188.jpg,5
15870.jpg,5
7124.jpg,3
11756.jpg,0
12205.jpg,2
16135.jpg,0
4074.jpg,5
2766.jpg,4
5509.jpg,3
20681.jpg,3
13814.jpg,4
23170.jpg,5
16630.jpg,3
6443.jpg,4
4494.jpg,5
8840.jpg,3
23415.jpg,5
21010.jpg,4
9380.jpg,1
16760.jpg,1
13870.jpg,1
12784.jpg,4
6717.jpg,0
15669.jpg,5
6807.jpg,2
14498.jpg,2
19890.jpg,3
1076.jpg,1
5751.jpg,3
14526.jpg,1
1631.jpg,5
12459.jpg,4
14930.jpg,0
374.jpg,1
11496.jpg,4
13316.jpg,0
10560.jpg,5
2165.jpg,0
20724.jpg,2
8650.jpg,1
7983.jpg,2
1060.jpg,2
18210.jpg,1
21785.jpg,2
18813.jpg,5
7273.jpg,3
22918.jpg,5
4118.jpg,5
8700.jpg,1
24288.jpg,3
11208.jpg,1
21746.jpg,3
2561.jpg,3
7943.jpg,2
17723.jpg,0
20521.jpg,0
8310.jpg,0
10409.jpg,3
590.jpg,5
16637.jpg,3
15676.jpg,0
12329.jpg,0
212.jpg,5
21951.jpg,1
13876.jpg,5
11079.jpg,3
15983.jpg,4
13434.jpg,2
9677.jpg,1
2022.jpg,0
13162.jpg,3
23300.jpg,3
10034.jpg,2
20569.jpg,3
4842.jpg,4
499.jpg,2
4780.jpg,5
9264.jpg,1
7597.jpg,5
2642.jpg,5
22744.jpg,3
15010.jpg,5
13883.jpg,5
12409.jpg,5
12730.jpg,4
19410.jpg,3
20104.jpg,3
16393.jpg,5
12475.jpg,4
21039.jpg,4
9803.jpg,2
11704.jpg,3
12086.jpg,1
13641.jpg,1
14234.jpg,2
17634.jpg,0
23526.jpg,4
2556.jpg,4
12293.jpg,5
18066.jpg,5
10282.jpg,2
23732.jpg,2
12859.jpg,1
2286.jpg,0
3393.jpg,0
11166.jpg,3
11771.jpg,2
4127.jpg,4
12501.jpg,0
11005.jpg,0
23934.jpg,3
17649.jpg,3
23410.jpg,3
4545.jpg,4
15129.jpg,0
3982.jpg,2
23030.jpg,4
19968.jpg,1
20301.jpg,4
4094.jpg,5
17858.jpg,5
2577.jpg,0
11014.jpg,5
9836.jpg,5
13500.jpg,3
2866.jpg,2
9529.jpg,4
21540.jpg,2
10079.jpg,5
10410.jpg,4
19568.jpg,5
13104.jpg,5
1557.jpg,0
15027.jpg,3
9402.jpg,2
18722.jpg,2
15981.jpg,4
10199.jpg,5
5956.jpg,0
24326.jpg,1
24114.jpg,0
21606.jpg,1
5402.jpg,2
18061.jpg,5
13330.jpg,4
2317.jpg,4
18112.jpg,3
18800.jpg,3
14139.jpg,0
9075.jpg,4
13326.jpg,5
467.jpg,5
609.jpg,1
3283.jpg,3
18298.jpg,3
19875.jpg,0
22348.jpg,1
22053.jpg,3
9889.jpg,3
19629.jpg,1
9986.jpg,3
9508.jpg,3
1756.jpg,4
21502.jpg,3
20263.jpg,3
10760.jpg,3
1680.jpg,3
10005.jpg,3
3144.jpg,2
10535.jpg,3
20377.jpg,2
8483.jpg,3
12036.jpg,0
22178.jpg,3
10590.jpg,5
9612.jpg,0
21530.jpg,2
4526.jpg,3
16411.jpg,1
4415.jpg,2
19283.jpg,3
2501.jpg,3
15805.jpg,1
13738.jpg,3
24157.jpg,3
4223.jpg,0
1114.jpg,5
14044.jpg,4
19957.jpg,2
12970.jpg,5
21809.jpg,4
10914.jpg,0
8128.jpg,3
22704.jpg,0
15924.jpg,4
22806.jpg,5
12953.jpg,3
3408.jpg,2
24225.jpg,5
7743.jpg,5
16698.jpg,4
12182.jpg,5
2302.jpg,1
17752.jpg,1
18068.jpg,2
11252.jpg,4
21690.jpg,4
21424.jpg,4
13657.jpg,0
22865.jpg,5
21372.jpg,5
1052.jpg,1
23034.jpg,3
17327.jpg,2
12687.jpg,0
21289.jpg,1
4757.jpg,1
22548.jpg,5
15274.jpg,1
19316.jpg,1
9165.jpg,3
20143.jpg,4
5502.jpg,2
8215.jpg,5
6191.jpg,2
4123.jpg,0
2340.jpg,1
8416.jpg,2
23924.jpg,4
15224.jpg,3
6185.jpg,0
21704.jpg,1
23307.jpg,2
818.jpg,2
2682.jpg,1
12350.jpg,4
20797.jpg,5
15838.jpg,5
22981.jpg,2
21075.jpg,5
2217.jpg,5
2046.jpg,3
1986.jpg,1
23364.jpg,1
303.jpg,3
19471.jpg,5
12022.jpg,2
11870.jpg,2
23789.jpg,1
17874.jpg,2
18297.jpg,4
13584.jpg,0
7517.jpg,0
20188.jpg,1
19065.jpg,3
4769.jpg,4
20883.jpg,4
21590.jpg,0
21284.jpg,3
15337.jpg,3
14335.jpg,4
21384.jpg,5
7938.jpg,2
15157.jpg,3
11695.jpg,3
8068.jpg,0
18405.jpg,4
3301.jpg,5
18601.jpg,1
20891.jpg,0
7589.jpg,0
365.jpg,3
13908.jpg,5
8632.jpg,4
23634.jpg,3
11119.jpg,5
11900.jpg,5
20025.jpg,2
16357.jpg,3
16854.jpg,2
1561.jpg,5
425.jpg,3
11950.jpg,4
10629.jpg,0
24031.jpg,3
12985.jpg,0
11521.jpg,3
10913.jpg,5
5314.jpg,1
13807.jpg,3
22365.jpg,0
15603.jpg,3
1969.jpg,0
22772.jpg,5
9261.jpg,5
10694.jpg,4
6988.jpg,4
3735.jpg,3
4438.jpg,5
20538.jpg,5
5827.jpg,3
19581.jpg,5
16000.jpg,1
3294.jpg,1
3433.jpg,0
12246.jpg,5
19685.jpg,0
13501.jpg,1
19931.jpg,2
3398.jpg,3
6031.jpg,0
22750.jpg,5
17754.jpg,5
10288.jpg,3
20641.jpg,4
11551.jpg,4
12972.jpg,3
8846.jpg,2
20618.jpg,2
5179.jpg,5
9005.jpg,2
14267.jpg,3
17162.jpg,5
19684.jpg,0
12413.jpg,4
5756.jpg,5
2228.jpg,3
16881.jpg,1
13275.jpg,2
5374.jpg,3
12979.jpg,5
2521.jpg,5
11603.jpg,3
19135.jpg,1
8268.jpg,4
4487.jpg,4
16210.jpg,5
23615.jpg,4
20523.jpg,5
16273.jpg,3
14327.jpg,5
18653.jpg,4
13865.jpg,1
18609.jpg,0
21997.jpg,3
7750.jpg,5
6017.jpg,2
20661.jpg,2
568.jpg,4
5213.jpg,5
16605.jpg,3
22013.jpg,2
14776.jpg,0
21331.jpg,2
17395.jpg,4
11000.jpg,2
22544.jpg,0
20197.jpg,0
13877.jpg,4
21672.jpg,5
2852.jpg,0
9524.jpg,0
17921.jpg,5
4212.jpg,1
20302.jpg,3
8858.jpg,1
21883.jpg,0
22946.jpg,0
4108.jpg,0
2854.jpg,0
18810.jpg,5
20987.jpg,5
12359.jpg,0
2424.jpg,5
7808.jpg,4
16436.jpg,0
6292.jpg,1
23152.jpg,3
24028.jpg,1
1070.jpg,1
198.jpg,3
8507.jpg,5
19745.jpg,1
20861.jpg,3
5126.jpg,4
23500.jpg,2
19053.jpg,4
5460.jpg,2
19188.jpg,1
6794.jpg,5
9550.jpg,1
15101.jpg,3
20772.jpg,0
3455.jpg,1
19445.jpg,0
11087.jpg,1
8341.jpg,5
16410.jpg,3
9302.jpg,4
7519.jpg,3
20532.jpg,2
101.jpg,2
18543.jpg,2
17448.jpg,1
1973.jpg,0
11403.jpg,1
7186.jpg,4
7230.jpg,1
3910.jpg,2
16790.jpg,2
14276.jpg,3
630.jpg,4
8290.jpg,4
17778.jpg,3
17684.jpg,5
4721.jpg,1
1359.jpg,3
4168.jpg,5
10572.jpg,3
20865.jpg,0
5793.jpg,2
16462.jpg,4
12461.jpg,4
17534.jpg,0
19734.jpg,0
11059.jpg,3
12962.jpg,1
21416.jpg,2
4326.jpg,5
15282.jpg,3
21741.jpg,3
8722.jpg,3
14065.jpg,2
21980.jpg,3
21295.jpg,3
700.jpg,5
18948.jpg,5
10923.jpg,1
9660.jpg,2
9053.jpg,1
6604.jpg,1
16353.jpg,1
5541.jpg,1
14463.jpg,3
5841.jpg,5
19733.jpg,4
15619.jpg,4
2316.jpg,1
15850.jpg,5
23017.jpg,2
12774.jpg,2
15935.jpg,1
7466.jpg,2
21521.jpg,1
21023.jpg,3
13302.jpg,1
17281.jpg,3
14303.jpg,2
10758.jpg,5
8726.jpg,5
8973.jpg,2
20445.jpg,3
7100.jpg,2
20667.jpg,5
20852.jpg,2
1330.jpg,5
16986.jpg,0
21116.jpg,1
14215.jpg,1
5844.jpg,2
17358.jpg,3
24002.jpg,0
17177.jpg,1
3006.jpg,0
19549.jpg,4
93.jpg,5
16676.jpg,4
17762.jpg,5
11091.jpg,5
15623.jpg,4
6089.jpg,5
23911.jpg,3
11576.jpg,4
6293.jpg,1
20351.jpg,2
17694.jpg,3
4409.jpg,2
23422.jpg,1
19880.jpg,2
22319.jpg,5
22641.jpg,1
18847.jpg,3
7809.jpg,0
3688.jpg,3
11073.jpg,0
7768.jpg,0
2309.jpg,4
4280.jpg,4
8106.jpg,5
21457.jpg,1
20420.jpg,4
14445.jpg,1
5889.jpg,5
11930.jpg,3
17400.jpg,5
24092.jpg,2
2828.jpg,4
11216.jpg,5
5379.jpg,0
2646.jpg,4
11454.jpg,3
5004.jpg,1
21963.jpg,3
16859.jpg,1
5445.jpg,0
1081.jpg,0
9461.jpg,2
21467.jpg,4
7211.jpg,3
18688.jpg,3
14981.jpg,3
672.jpg,1
12099.jpg,2
14208.jpg,2
20913.jpg,0
15137.jpg,5
11763.jpg,0
16924.jpg,0
15866.jpg,4
21172.jpg,4
8552.jpg,0
14919.jpg,0
16591.jpg,3
16444.jpg,5
8133.jpg,1
13690.jpg,3
13028.jpg,4
18708.jpg,3
19485.jpg,2
20003.jpg,3
23113.jpg,2
6348.jpg,1
23010.jpg,1
13389.jpg,5
1003.jpg,4
7605.jpg,5
3168.jpg,4
6077.jpg,2
18127.jpg,0
9226.jpg,1
15208.jpg,0
11158.jpg,3
23323.jpg,0
14571.jpg,1
10168.jpg,2
10479.jpg,1
8279.jpg,5
22313.jpg,0
12816.jpg,5
22861.jpg,1
12920.jpg,1
7567.jpg,4
13448.jpg,1
6448.jpg,3
13318.jpg,0
3093.jpg,2
17375.jpg,4
5823.jpg,5
22327.jpg,0
7995.jpg,0
4022.jpg,3
18178.jpg,1
18130.jpg,4
21051.jpg,4
14549.jpg,0
22578.jpg,0
3436.jpg,2
17326.jpg,2
8877.jpg,1
6681.jpg,3
21566.jpg,2
11485.jpg,3
11971.jpg,0
12484.jpg,5
1169.jpg,0
1842.jpg,2
11958.jpg,1
1681.jpg,4
9237.jpg,0
12443.jpg,5
10818.jpg,5
5511.jpg,3
284.jpg,5
9098.jpg,0
18013.jpg,2
5550.jpg,5
17241.jpg,5
17158.jpg,4
1614.jpg,3
24183.jpg,2
12251.jpg,3
15220.jpg,5
7796.jpg,1
4881.jpg,1
2690.jpg,3
13476.jpg,1
1949.jpg,4
13468.jpg,4
19604.jpg,2
7208.jpg,2
1418.jpg,0
837.jpg,0
8339.jpg,0
9796.jpg,5
13694.jpg,5
21132.jpg,2
10748.jpg,1
2258.jpg,1
1627.jpg,0
24202.jpg,2
862.jpg,4
19742.jpg,4
16725.jpg,3
14996.jpg,3
8094.jpg,4
5527.jpg,1
1130.jpg,2
2009.jpg,4
7934.jpg,2
19046.jpg,5
7607.jpg,2
11408.jpg,2
19372.jpg,2
17039.jpg,3
17955.jpg,3
20923.jpg,1
13517.jpg,1
7187.jpg,1
22610.jpg,4
8550.jpg,4
7660.jpg,3
9543.jpg,5
4714.jpg,0
21446.jpg,1
12402.jpg,0
23077.jpg,3
2227.jpg,3
2030.jpg,5
1355.jpg,4
14119.jpg,4
16742.jpg,2
16405.jpg,3
20588.jpg,2
9084.jpg,1
6059.jpg,5
17749.jpg,1
536.jpg,2
22023.jpg,5
4305.jpg,4
20156.jpg,5
1347.jpg,1
13269.jpg,2
14017.jpg,5
13979.jpg,4
23028.jpg,0
5503.jpg,5
14113.jpg,3
18450.jpg,1
2791.jpg,2
15929.jpg,0
13345.jpg,1
21616.jpg,0
18665.jpg,4
21103.jpg,2
14.jpg,5
10634.jpg,2
9876.jpg,2
19368.jpg,0
7194.jpg,0
10187.jpg,4
812.jpg,3
18861.jpg,2
14715.jpg,2
13984.jpg,0
811.jpg,0
21030.jpg,4
870.jpg,3
13174.jpg,3
14413.jpg,0
12497.jpg,2
5289.jpg,3
740.jpg,0
6808.jpg,5
21833.jpg,3
13471.jpg,5
11392.jpg,2
14656.jpg,3
21773.jpg,3
6572.jpg,3
11431.jpg,5
17630.jpg,1
16722.jpg,3
11838.jpg,1
19678.jpg,4
4265.jpg,3
16603.jpg,2
23706.jpg,5
14835.jpg,3
9802.jpg,3
14176.jpg,1
4547.jpg,4
19942.jpg,2
4947.jpg,1
18148.jpg,1
14028.jpg,5
6841.jpg,2
20699.jpg,2
11478.jpg,4
23772.jpg,2
17517.jpg,1
18338.jpg,1
4637.jpg,1
15403.jpg,2
19655.jpg,5
9333.jpg,4
2650.jpg,4
6539.jpg,5
15500.jpg,4
19006.jpg,1
579.jpg,2
18973.jpg,0
4523.jpg,5
10166.jpg,3
13088.jpg,4
22627.jpg,0
16242.jpg,4
12914.jpg,5
14800.jpg,2
6047.jpg,5
11848.jpg,1
8078.jpg,5
14197.jpg,5
3673.jpg,0
6410.jpg,1
18379.jpg,2
11444.jpg,1
24308.jpg,1
9479.jpg,3
13413.jpg,3
9026.jpg,5
5640.jpg,5
22840.jpg,3
15200.jpg,2
1222.jpg,3
12395.jpg,3
7663.jpg,1
9818.jpg,5
23085.jpg,4
22781.jpg,5
22407.jpg,1
11903.jpg,0
14240.jpg,5
10901.jpg,4
3212.jpg,5
23178.jpg,3
17950.jpg,1
8763.jpg,0
18640.jpg,5
9765.jpg,3
14120.jpg,1
19475.jpg,5
12707.jpg,3
5562.jpg,4
18282.jpg,1
11752.jpg,1
18924.jpg,4
3918.jpg,2
17867.jpg,1
5507.jpg,3
22075.jpg,0
9727.jpg,4
19079.jpg,5
7158.jpg,4
6113.jpg,5
3833.jpg,4
7968.jpg,4
2011.jpg,1
8926.jpg,1
16660.jpg,2
19686.jpg,1
9732.jpg,5
3186.jpg,3
9816.jpg,5
9933.jpg,2
23146.jpg,5
8491.jpg,5
23482.jpg,4
20557.jpg,3
14424.jpg,4
1307.jpg,4
2459.jpg,5
895.jpg,2
13031.jpg,1
8383.jpg,3
19330.jpg,0
12586.jpg,3
17800.jpg,4
7089.jpg,0
16145.jpg,3
4153.jpg,5
21145.jpg,0
7572.jpg,4
3409.jpg,4
19219.jpg,1
4521.jpg,3
16397.jpg,3
13950.jpg,5
6938.jpg,2
11015.jpg,2
18504.jpg,1
20290.jpg,5
1624.jpg,4
23970.jpg,5
17145.jpg,2
185.jpg,3
13598.jpg,3
18220.jpg,1
3578.jpg,1
23494.jpg,2
22532.jpg,5
11996.jpg,1
2784.jpg,1
7446.jpg,2
19670.jpg,3
20125.jpg,3
11623.jpg,1
4596.jpg,5
13562.jpg,1
8155.jpg,2
15368.jpg,5
19540.jpg,2
9710.jpg,3
951.jpg,3
8072.jpg,0
17414.jpg,2
2367.jpg,0
3541.jpg,3
19991.jpg,1
16277.jpg,0
23768.jpg,1
15766.jpg,4
20715.jpg,3
4201.jpg,3
4439.jpg,5
4169.jpg,3
13137.jpg,3
13252.jpg,2
6989.jpg,3
20239.jpg,2
18620.jpg,3
4220.jpg,5
15678.jpg,1
8476.jpg,1
11820.jpg,0
15632.jpg,4
3140.jpg,3
18036.jpg,3
14055.jpg,5
15177.jpg,5
8759.jpg,2
4089.jpg,5
15663.jpg,0
5476.jpg,3
18782.jpg,1
17197.jpg,4
13778.jpg,0
10124.jpg,3
10583.jpg,1
8814.jpg,4
12902.jpg,5
4496.jpg,1
6733.jpg,2
16023.jpg,4
11525.jpg,4
5134.jpg,0
19726.jpg,5
17843.jpg,2
8496.jpg,3
4447.jpg,5
23904.jpg,5
7797.jpg,1
13029.jpg,4
13933.jpg,2
9175.jpg,4
8852.jpg,5
3730.jpg,0
1020.jpg,0
14310.jpg,3
11688.jpg,5
919.jpg,1
16541.jpg,0
3223.jpg,0
17100.jpg,1
7362.jpg,2
1349.jpg,4
1227.jpg,4
15105.jpg,0
22682.jpg,5
14606.jpg,0
20469.jpg,2
244.jpg,0
400.jpg,2
16265.jpg,5
22334.jpg,4
15928.jpg,2
692.jpg,0
482.jpg,3
21189.jpg,1
19222.jpg,2
14973.jpg,3
9865.jpg,3
22303.jpg,3
22762.jpg,5
5227.jpg,1
16846.jpg,2
11240.jpg,1
7153.jpg,5
10807.jpg,5
2024.jpg,0
2305.jpg,1
11575.jpg,1
3715.jpg,3
7729.jpg,5
5427.jpg,1
8272.jpg,5
20200.jpg,5
387.jpg,5
16866.jpg,4
4164.jpg,4
15123.jpg,4
23519.jpg,3
2395.jpg,2
5555.jpg,5
16886.jpg,0
18862.jpg,0
7631.jpg,0
6965.jpg,2
15649.jpg,3
18246.jpg,3
11356.jpg,3
5469.jpg,0
17582.jpg,4
23501.jpg,3
799.jpg,1
15638.jpg,2
918.jpg,3
18650.jpg,0
15452.jpg,2
17525.jpg,0
20488.jpg,5
14172.jpg,4
9509.jpg,4
9593.jpg,2
8361.jpg,1
18734.jpg,1
3672.jpg,2
13837.jpg,3
5608.jpg,5
9939.jpg,1
2684.jpg,4
4066.jpg,3
5706.jpg,3
16601.jpg,3
17561.jpg,3
17266.jpg,4
13610.jpg,0
7055.jpg,0
13373.jpg,1
8968.jpg,0
2051.jpg,5
13481.jpg,5
14271.jpg,1
14695.jpg,5
5969.jpg,5
9244.jpg,4
8874.jpg,5
7566.jpg,4
183.jpg,1
10558.jpg,2
15119.jpg,2
4140.jpg,3
21402.jpg,3
15900.jpg,1
9823.jpg,0
19838.jpg,0
20146.jpg,0
626.jpg,3
10434.jpg,2
18760.jpg,4
14181.jpg,4
15490.jpg,1
13972.jpg,1
23203.jpg,5
19759.jpg,1
833.jpg,3
6649.jpg,2
6764.jpg,3
22164.jpg,1
23115.jpg,3
23670.jpg,1
7619.jpg,3
21029.jpg,5
12269.jpg,5
18391.jpg,1
4580.jpg,3
21413.jpg,4
20859.jpg,3
13095.jpg,2
1289.jpg,4
22773.jpg,0
17182.jpg,0
12347.jpg,0
13756.jpg,1
18845.jpg,2
6832.jpg,2
2198.jpg,5
10816.jpg,2
12176.jpg,5
14583.jpg,3
19902.jpg,0
19637.jpg,4
7894.jpg,2
10549.jpg,1
19457.jpg,5
24125.jpg,2
13007.jpg,2
5259.jpg,0
11298.jpg,5
22904.jpg,0
3995.jpg,4
5598.jpg,1
17163.jpg,2
17447.jpg,3
21748.jpg,3
12765.jpg,0
4121.jpg,0
18098.jpg,3
12298.jpg,0
12984.jpg,1
10920.jpg,5
8555.jpg,4
15975.jpg,1
2970.jpg,2
4248.jpg,5
23015.jpg,0
11818.jpg,3
18223.jpg,1
4490.jpg,2
4728.jpg,3
24104.jpg,2
13335.jpg,3
17584.jpg,5
7430.jpg,3
13918.jpg,1
14822.jpg,4
19239.jpg,0
22914.jpg,1
11123.jpg,4
18857.jpg,0
1290.jpg,3
4944.jpg,4
2554.jpg,3
5881.jpg,5
4357.jpg,4
18032.jpg,5
3248.jpg,4
7476.jpg,4
15922.jpg,2
24061.jpg,2
9795.jpg,0
18510.jpg,0
23672.jpg,2
23940.jpg,5
6415.jpg,0
21365.jpg,2
1207.jpg,1
5301.jpg,3
10764.jpg,5
20442.jpg,4
12184.jpg,5
18296.jpg,1
11481.jpg,3
16996.jpg,3
16819.jpg,3
22798.jpg,2
21267.jpg,1
17676.jpg,0
2841.jpg,0
3502.jpg,3
14611.jpg,4
14235.jpg,4
19847.jpg,1
19994.jpg,3
2514.jpg,3
9354.jpg,4
8638.jpg,5
8971.jpg,3
16838.jpg,3
72.jpg,5
23074.jpg,5
11145.jpg,0
14562.jpg,4
23957.jpg,1
8378.jpg,0
21692.jpg,1
14601.jpg,2
7160.jpg,1
12037.jpg,1
2986.jpg,2
23823.jpg,3
4364.jpg,5
5383.jpg,2
21398.jpg,3
17084.jpg,5
13696.jpg,4
23057.jpg,3
6382.jpg,0
21228.jpg,4
16950.jpg,5
11633.jpg,5
11885.jpg,5
7190.jpg,4
11686.jpg,3
12712.jpg,2
7690.jpg,4
11897.jpg,0
13239.jpg,4
13084.jpg,2
12399.jpg,3
5999.jpg,1
17658.jpg,3
15131.jpg,4
18404.jpg,0
23622.jpg,1
19278.jpg,2
9786.jpg,4
17127.jpg,3
5254.jpg,2
15895.jpg,1
2498.jpg,1
2829.jpg,1
14277.jpg,5
16264.jpg,0
23840.jpg,0
21117.jpg,0
2628.jpg,2
10471.jpg,2
13062.jpg,3
15187.jpg,2
22047.jpg,2
4085.jpg,4
15994.jpg,5
179.jpg,3
17792.jpg,2
1793.jpg,0
23664.jpg,4
4772.jpg,4
319.jpg,3
6248.jpg,2
15974.jpg,4
11269.jpg,0
2237.jpg,5
11109.jpg,5
20547.jpg,1
8646.jpg,5
16178.jpg,4
22333.jpg,5
18276.jpg,5
12724.jpg,0
23196.jpg,1
2065.jpg,4
8972.jpg,2
546.jpg,0
20809.jpg,0
18109.jpg,3
2067.jpg,0
22601.jpg,0
24298.jpg,5
825.jpg,3
15934.jpg,2
4594.jpg,1
16014.jpg,1
9082.jpg,0
13541.jpg,1
24117.jpg,1
21541.jpg,2
23374.jpg,3
4656.jpg,5
16789.jpg,3
22324.jpg,5
10127.jpg,4
11193.jpg,3
9066.jpg,5
14195.jpg,1
8175.jpg,4
6872.jpg,3
16964.jpg,3
1483.jpg,3
18596.jpg,0
18996.jpg,0
13116.jpg,3
21739.jpg,4
7422.jpg,2
21157.jpg,2
17546.jpg,1
607.jpg,2
423.jpg,4
4732.jpg,5
23916.jpg,0
2593.jpg,3
11527.jpg,5
17304.jpg,2
18049.jpg,0
16327.jpg,5
8147.jpg,3
21420.jpg,1
21579.jpg,5
6461.jpg,0
16196.jpg,2
4836.jpg,1
5236.jpg,2
20214.jpg,4
7149.jpg,0
13604.jpg,0
17945.jpg,4
10461.jpg,5
4489.jpg,2
21528.jpg,1
1386.jpg,0
21111.jpg,2
22940.jpg,3
18733.jpg,0
2731.jpg,0
12076.jpg,2
23680.jpg,2
22785.jpg,3
20119.jpg,1
273.jpg,1
161.jpg,4
16958.jpg,1
408.jpg,2
16193.jpg,3
9436.jpg,3
16780.jpg,1
8127.jpg,4
18522.jpg,5
17644.jpg,5
20391.jpg,5
7257.jpg,1
23358.jpg,5
1414.jpg,1
12573.jpg,0
16256.jpg,5
19172.jpg,4
24164.jpg,2
3432.jpg,3
18540.jpg,4
17524.jpg,3
18512.jpg,4
18141.jpg,5
7315.jpg,5
4674.jpg,4
20453.jpg,2
14356.jpg,5
8117.jpg,3
14730.jpg,0
531.jpg,2
4013.jpg,0
2112.jpg,0
16787.jpg,3
16224.jpg,1
17437.jpg,0
17279.jpg,5
2761.jpg,0
12997.jpg,0
667.jpg,1
20902.jpg,4
6362.jpg,0
15173.jpg,2
8037.jpg,1
3655.jpg,1
8894.jpg,2
8395.jpg,3
20248.jpg,5
23800.jpg,5
3338.jpg,2
7218.jpg,5
6521.jpg,1
20376.jpg,0
1313.jpg,0
21394.jpg,5
18039.jpg,4
11919.jpg,0
17109.jpg,5
6419.jpg,5
16684.jpg,3
18943.jpg,0
555.jpg,5
24151.jpg,3
5466.jpg,2
18673.jpg,2
15758.jpg,4
6800.jpg,1
20451.jpg,2
7381.jpg,4
18119.jpg,5
5773.jpg,2
10918.jpg,4
8578.jpg,4
1049.jpg,5
23770.jpg,5
16429.jpg,1
18257.jpg,4
7219.jpg,4
7577.jpg,5
11589.jpg,1
4946.jpg,3
7770.jpg,5
22456.jpg,2
9505.jpg,3
13119.jpg,1
308.jpg,3
8319.jpg,4
7624.jpg,3
8013.jpg,1
4149.jpg,3
1374.jpg,3
6247.jpg,3
18008.jpg,5
16332.jpg,3
8134.jpg,1
18054.jpg,4
14484.jpg,3
22463.jpg,5
21869.jpg,2
436.jpg,2
8620.jpg,3
16464.jpg,3
16344.jpg,4
9711.jpg,3
351.jpg,0
8504.jpg,2
11486.jpg,5
18402.jpg,0
11135.jpg,5
17960.jpg,0
20321.jpg,1
8576.jpg,0
6027.jpg,0
9683.jpg,4
324.jpg,5
18594.jpg,0
1083.jpg,5
21211.jpg,0
7395.jpg,4
19506.jpg,2
9954.jpg,0
16323.jpg,5
16373.jpg,5
15079.jpg,3
18714.jpg,1
17737.jpg,4
3696.jpg,2
13566.jpg,3
5386.jpg,4
656.jpg,5
14954.jpg,5
14650.jpg,0
16475.jpg,0
6732.jpg,3
30.jpg,2
18080.jpg,2
15262.jpg,5
22684.jpg,1
3537.jpg,2
23704.jpg,2
10797.jpg,0
2326.jpg,4
23980.jpg,3
1440.jpg,3
2352.jpg,4
10435.jpg,1
1713.jpg,3
14248.jpg,4
3495.jpg,3
2969.jpg,4
5486.jpg,2
21847.jpg,2
7864.jpg,3
7866.jpg,4
15302.jpg,3
10171.jpg,3
8506.jpg,5
14530.jpg,0
452.jpg,1
222.jpg,0
19681.jpg,5
22194.jpg,4
3851.jpg,0
61.jpg,0
2373.jpg,0
403.jpg,4
4254.jpg,5
23043.jpg,3
22743.jpg,0
14528.jpg,1
9386.jpg,0
13744.jpg,5
18461.jpg,3
19148.jpg,5
21321.jpg,2
1474.jpg,2
20845.jpg,3
5945.jpg,2
4167.jpg,5
12112.jpg,2
14539.jpg,3
17709.jpg,5
4374.jpg,4
12207.jpg,1
20038.jpg,4
18497.jpg,0
875.jpg,2
20747.jpg,3
3372.jpg,3
13179.jpg,1
23787.jpg,5
7733.jpg,1
21882.jpg,0
22901.jpg,5
515.jpg,5
24054.jpg,3
21113.jpg,1
10004.jpg,5
23922.jpg,3
20284.jpg,4
20122.jpg,5
7978.jpg,4
17376.jpg,1
4614.jpg,5
19472.jpg,5
4133.jpg,5
13977.jpg,3
6401.jpg,3
14765.jpg,4
21902.jpg,2
20659.jpg,4
23158.jpg,0
15744.jpg,1
10276.jpg,2
9063.jpg,4
10829.jpg,1
18357.jpg,0
17083.jpg,0
20478.jpg,1
22985.jpg,0
18376.jpg,2
15111.jpg,4
22615.jpg,2
14061.jpg,1
23751.jpg,1
14813.jpg,5
9542.jpg,2
3892.jpg,1
10096.jpg,3
13802.jpg,1
13891.jpg,4
10400.jpg,3
2425.jpg,1
19984.jpg,3
23007.jpg,2
23740.jpg,5
12421.jpg,1
7970.jpg,4
23882.jpg,2
13670.jpg,3
21404.jpg,3
19060.jpg,5
23844.jpg,0
13990.jpg,1
382.jpg,3
6250.jpg,3
15340.jpg,5
11588.jpg,5
5520.jpg,4
15984.jpg,0
20043.jpg,2
24121.jpg,1
3413.jpg,0
12824.jpg,4
6772.jpg,4
18727.jpg,1
9022.jpg,2
24065.jpg,2
11155.jpg,2
362.jpg,3
9914.jpg,2
12763.jpg,2
9772.jpg,4
1596.jpg,2
3174.jpg,1
1082.jpg,0
5734.jpg,4
14685.jpg,2
8490.jpg,1
19592.jpg,3
528.jpg,4
6390.jpg,1
16552.jpg,0
6318.jpg,4
9021.jpg,3
11832.jpg,1
23347.jpg,4
16110.jpg,2
3097.jpg,3
608.jpg,5
20385.jpg,3
16275.jpg,5
9694.jpg,5
9559.jpg,4
7606.jpg,2
16177.jpg,5
18732.jpg,5
3286.jpg,3
9347.jpg,3
21966.jpg,3
16815.jpg,2
15333.jpg,2
8321.jpg,0
3228.jpg,0
7110.jpg,0
18295.jpg,2
10159.jpg,3
17023.jpg,4
10290.jpg,0
9864.jpg,5
6087.jpg,2
4929.jpg,2
3981.jpg,2
16702.jpg,0
11167.jpg,3
13098.jpg,3
20951.jpg,5
20182.jpg,1
7295.jpg,4
21112.jpg,0
5249.jpg,2
20824.jpg,1
10413.jpg,5
12853.jpg,2
19234.jpg,4
22519.jpg,4
11565.jpg,2
1511.jpg,0
13931.jpg,2
18033.jpg,0
9398.jpg,2
3710.jpg,5
15563.jpg,1
20614.jpg,3
16119.jpg,1
13305.jpg,2
8820.jpg,3
10944.jpg,2
10988.jpg,2
22274.jpg,0
18330.jpg,3
22726.jpg,1
6861.jpg,1
12351.jpg,3
2901.jpg,3
21758.jpg,2
17859.jpg,4
12355.jpg,5
21436.jpg,3
1294.jpg,3
15240.jpg,1
2956.jpg,2
15662.jpg,4
6900.jpg,3
10587.jpg,5
9557.jpg,1
12072.jpg,5
211.jpg,4
11975.jpg,2
18492.jpg,3
21265.jpg,5
15450.jpg,5
3483.jpg,0
17917.jpg,5
8582.jpg,4
14490.jpg,0
14369.jpg,4
23216.jpg,3
1352.jpg,0
135.jpg,4
7844.jpg,2
16480.jpg,2
16146.jpg,5
15887.jpg,1
14186.jpg,3
16169.jpg,0
21068.jpg,4
9792.jpg,0
2452.jpg,4
16487.jpg,3
15832.jpg,3
13325.jpg,4
17943.jpg,5
23184.jpg,3
10360.jpg,1
21122.jpg,4
668.jpg,0
23480.jpg,4
8182.jpg,4
2023.jpg,5
16908.jpg,4
23799.jpg,4
12951.jpg,4
7483.jpg,1
14992.jpg,2
6639.jpg,4
354.jpg,3
19105.jpg,1
9777.jpg,0
2781.jpg,3
1522.jpg,3
1918.jpg,1
615.jpg,5
5455.jpg,0
5745.jpg,4
15902.jpg,3
14348.jpg,5
9254.jpg,3
9950.jpg,5
629.jpg,3
9384.jpg,3
10919.jpg,2
23784.jpg,3
705.jpg,5
13443.jpg,3
6924.jpg,4
2883.jpg,1
16099.jpg,2
4416.jpg,1
6069.jpg,0
5110.jpg,3
6459.jpg,0
24272.jpg,3
15388.jpg,3
7534.jpg,4
15266.jpg,4
7905.jpg,3
52.jpg,3
18968.jpg,0
3431.jpg,0
19427.jpg,0
4021.jpg,5
18833.jpg,5
3581.jpg,2
8141.jpg,0
15066.jpg,2
21567.jpg,5
19106.jpg,3
15954.jpg,2
19944.jpg,1
2001.jpg,3
19620.jpg,2
4349.jpg,2
4792.jpg,0
4036.jpg,2
4683.jpg,4
2248.jpg,2
11399.jpg,0
14457.jpg,1
22505.jpg,0
1444.jpg,1
16883.jpg,1
9203.jpg,2
5896.jpg,4
18399.jpg,4
14890.jpg,3
12041.jpg,3
12891.jpg,5
2595.jpg,3
21056.jpg,1
16554.jpg,0
15116.jpg,0
16860.jpg,0
3703.jpg,5
19248.jpg,3
22808.jpg,3
12749.jpg,4
13755.jpg,4
10175.jpg,0
23217.jpg,1
5657.jpg,3
13329.jpg,0
19707.jpg,1
442.jpg,1
51.jpg,2
12012.jpg,5
9092.jpg,5
8986.jpg,3
10742.jpg,4
774.jpg,4
3240.jpg,3
15642.jpg,4
15095.jpg,2
5665.jpg,2
7564.jpg,0
11674.jpg,0
12835.jpg,0
12017.jpg,0
19232.jpg,5
16442.jpg,4
19602.jpg,1
7283.jpg,5
4207.jpg,2
23197.jpg,1
6245.jpg,1
2329.jpg,0
8551.jpg,0
9651.jpg,1
385.jpg,3
24105.jpg,3
19570.jpg,2
19340.jpg,1
21282.jpg,2
11201.jpg,4
156.jpg,0
5380.jpg,4
19107.jpg,1
16158.jpg,3
13370.jpg,4
17748.jpg,2
19792.jpg,2
24148.jpg,1
7867.jpg,2
24048.jpg,4
17121.jpg,5
16851.jpg,1
17185.jpg,3
4185.jpg,1
20610.jpg,2
18477.jpg,4
5552.jpg,4
12305.jpg,3
19619.jpg,2
766.jpg,4
11802.jpg,1
1992.jpg,2
660.jpg,3
2483.jpg,0
16915.jpg,1
9361.jpg,5
20708.jpg,0
11.jpg,4
6920.jpg,0
9139.jpg,3
6715.jpg,4
17012.jpg,5
1815.jpg,3
17276.jpg,5
17871.jpg,3
13356.jpg,2
9488.jpg,2
8030.jpg,3
11789.jpg,1
18021.jpg,4
1737.jpg,0
11529.jpg,2
9538.jpg,3
12446.jpg,2
17219.jpg,0
7555.jpg,2
911.jpg,3
7210.jpg,5
16892.jpg,1
17879.jpg,5
11335.jpg,5
7419.jpg,1
22044.jpg,2
5288.jpg,4
4462.jpg,2
152.jpg,1
2686.jpg,1
4242.jpg,3
17132.jpg,4
3589.jpg,1
3345.jpg,1
18047.jpg,1
13085.jpg,4
10864.jpg,2
6781.jpg,3
17578.jpg,5
22923.jpg,2
7835.jpg,2
23857.jpg,4
15576.jpg,0
23129.jpg,1
2025.jpg,0
7405.jpg,4
2918.jpg,3
1688.jpg,4
17167.jpg,5
10538.jpg,3
9154.jpg,4
3101.jpg,1
19564.jpg,1
22939.jpg,3
4083.jpg,5
10164.jpg,1
22878.jpg,1
15737.jpg,3
13545.jpg,4
15969.jpg,4
15178.jpg,5
5671.jpg,2
18121.jpg,5
2476.jpg,4
5458.jpg,5
7752.jpg,2
9130.jpg,5
3632.jpg,2
6622.jpg,1
13246.jpg,5
16056.jpg,3
17147.jpg,3
8286.jpg,2
9665.jpg,0
16379.jpg,5
15916.jpg,0
11793.jpg,3
18181.jpg,0
22909.jpg,0
6921.jpg,4
11766.jpg,3
16622.jpg,3
9887.jpg,3
5558.jpg,0
10406.jpg,3
1200.jpg,3
17408.jpg,4
13975.jpg,2
398.jpg,4
1387.jpg,0
21753.jpg,0
10082.jpg,5
16406.jpg,2
18530.jpg,5
9947.jpg,0
6769.jpg,5
5480.jpg,2
14636.jpg,1
3832.jpg,3
6397.jpg,4
22521.jpg,2
9027.jpg,4
18608.jpg,5
20600.jpg,0
13096.jpg,5
3231.jpg,3
13795.jpg,3
23864.jpg,0
24302.jpg,5
172.jpg,1
4226.jpg,5
7640.jpg,3
17990.jpg,0
16999.jpg,3
5178.jpg,3
13542.jpg,1
11581.jpg,5
3622.jpg,4
10190.jpg,3
4395.jpg,4
15904.jpg,4
15006.jpg,2
13695.jpg,2
4957.jpg,1
19842.jpg,1
15305.jpg,5
10100.jpg,3
6580.jpg,2
10855.jpg,0
18850.jpg,2
7575.jpg,4
24307.jpg,3
287.jpg,4
17054.jpg,2
17243.jpg,5
4296.jpg,5
3520.jpg,3
8285.jpg,3
10593.jpg,0
10119.jpg,4
13466.jpg,2
8574.jpg,1
24305.jpg,2
1779.jpg,0
3380.jpg,3
21791.jpg,2
5174.jpg,1
1168.jpg,1
1370.jpg,3
12670.jpg,3
20279.jpg,3
14829.jpg,4
1547.jpg,3
5620.jpg,3
21595.jpg,2
20132.jpg,0
20790.jpg,0
6062.jpg,1
8057.jpg,4
13714.jpg,0
11634.jpg,0
18285.jpg,4
16758.jpg,5
22404.jpg,0
2865.jpg,4
15139.jpg,2
17280.jpg,2
21403.jpg,2
4050.jpg,2
22714.jpg,1
12686.jpg,2
10147.jpg,4
4443.jpg,3
6329.jpg,3
9397.jpg,5
6784.jpg,0
12977.jpg,2
2401.jpg,0
7217.jpg,3
23120.jpg,1
497.jpg,5
19421.jpg,5
24232.jpg,3
3700.jpg,4
19690.jpg,0
7406.jpg,4
11997.jpg,4
7001.jpg,4
13017.jpg,0
12275.jpg,5
11322.jpg,5
1467.jpg,2
20786.jpg,5
17300.jpg,2
2632.jpg,1
10680.jpg,1
7779.jpg,1
8010.jpg,1
11726.jpg,2
16232.jpg,3
11942.jpg,4
13752.jpg,4
13469.jpg,5
4407.jpg,3
1150.jpg,5
5813.jpg,0
17665.jpg,0
23778.jpg,2
20919.jpg,4
17839.jpg,3
16836.jpg,5
11854.jpg,3
14308.jpg,4
2507.jpg,4
8154.jpg,0
10377.jpg,4
7335.jpg,4
11571.jpg,2
7468.jpg,5
9618.jpg,4
20548.jpg,4
13433.jpg,3
5020.jpg,5
6822.jpg,0
18030.jpg,5
3979.jpg,3
5909.jpg,0
9721.jpg,5
17802.jpg,2
14718.jpg,4
18370.jpg,1
9476.jpg,0
13299.jpg,3
17160.jpg,3
9614.jpg,3
4592.jpg,1
3474.jpg,0
8851.jpg,2
13708.jpg,5
7477.jpg,1
10307.jpg,2
11890.jpg,0
9207.jpg,4
4823.jpg,4
18750.jpg,3
6774.jpg,3
11386.jpg,4
10363.jpg,2
6904.jpg,3
2651.jpg,2
2580.jpg,5
19021.jpg,4
18719.jpg,1
1066.jpg,3
13365.jpg,4
22658.jpg,0
10839.jpg,2
17090.jpg,1
16718.jpg,4
12137.jpg,3
12969.jpg,3
13465.jpg,2
14937.jpg,2
17851.jpg,3
20213.jpg,0
20817.jpg,4
22402.jpg,0
3129.jpg,5
4632.jpg,5
22795.jpg,3
15846.jpg,4
1206.jpg,0
17911.jpg,0
6041.jpg,1
5651.jpg,5
2824.jpg,4
14351.jpg,1
10457.jpg,0
23777.jpg,4
13989.jpg,5
6051.jpg,3
4825.jpg,5
22880.jpg,4
5690.jpg,2
20506.jpg,2
14787.jpg,2
21565.jpg,1
3594.jpg,4
14614.jpg,4
1245.jpg,0
22477.jpg,5
13230.jpg,3
10981.jpg,3
3189.jpg,0
10523.jpg,1
19246.jpg,3
2102.jpg,0
23755.jpg,0
21838.jpg,1
6134.jpg,2
14960.jpg,1
23752.jpg,4
6218.jpg,5
4968.jpg,3
14998.jpg,3
13133.jpg,2
5740.jpg,0
7368.jpg,3
6122.jpg,1
10860.jpg,5
23803.jpg,1
14236.jpg,5
19785.jpg,0
949.jpg,0
10425.jpg,4
1983.jpg,1
10561.jpg,1
15083.jpg,5
14963.jpg,3
1694.jpg,2
17307.jpg,5
9403.jpg,3
1920.jpg,0
8730.jpg,2
19682.jpg,4
278.jpg,0
18976.jpg,4
4032.jpg,4
4274.jpg,1
975.jpg,4
14970.jpg,5
7465.jpg,2
4724.jpg,1
4454.jpg,1
24296.jpg,5
12830.jpg,1
9162.jpg,1
20308.jpg,4
2124.jpg,4
15375.jpg,1
7557.jpg,3
12582.jpg,1
19560.jpg,5
17505.jpg,4
23849.jpg,0
15520.jpg,4
13014.jpg,0
3402.jpg,3
21219.jpg,5
14774.jpg,3
18844.jpg,0
11819.jpg,2
15357.jpg,2
22931.jpg,4
21441.jpg,2
17146.jpg,3
19452.jpg,2
399.jpg,3
18994.jpg,2
4662.jpg,5
23626.jpg,0
11430.jpg,3
22298.jpg,4
3065.jpg,5
12978.jpg,1
1951.jpg,0
11645.jpg,3
21899.jpg,5
22561.jpg,4
2931.jpg,4
6209.jpg,2
7657.jpg,3
20789.jpg,0
570.jpg,4
23204.jpg,1
5328.jpg,3
4198.jpg,5
21850.jpg,2
3208.jpg,4
242.jpg,0
3292.jpg,2
1504.jpg,1
4367.jpg,5
18868.jpg,1
2129.jpg,4
16653.jpg,4
5429.jpg,0
12259.jpg,2
6500.jpg,5
18459.jpg,4
18728.jpg,0
12901.jpg,1
5218.jpg,2
24276.jpg,4
22080.jpg,1
23173.jpg,5
6751.jpg,4
6353.jpg,2
4720.jpg,3
22302.jpg,3
16818.jpg,2
3415.jpg,1
12211.jpg,4
9440.jpg,0
13529.jpg,3
4472.jpg,4
3160.jpg,0
4246.jpg,0
9303.jpg,3
22853.jpg,3
20145.jpg,3
103.jpg,0
7815.jpg,1
4917.jpg,3
19870.jpg,5
11643.jpg,2
15825.jpg,3
16706.jpg,2
17995.jpg,5
10960.jpg,0
14162.jpg,4
7904.jpg,0
11105.jpg,5
11001.jpg,2
2139.jpg,1
10073.jpg,5
817.jpg,3
5220.jpg,1
9599.jpg,3
9247.jpg,2
16449.jpg,5
9453.jpg,0
19365.jpg,2
10969.jpg,2
15836.jpg,1
18093.jpg,4
4204.jpg,2
924.jpg,3
12267.jpg,1
13415.jpg,0
15438.jpg,1
7753.jpg,0
19366.jpg,5
10305.jpg,0
238.jpg,2
14150.jpg,1
6797.jpg,0
12575.jpg,4
19712.jpg,3
14401.jpg,4
6163.jpg,0
11798.jpg,3
22499.jpg,0
9976.jpg,2
14613.jpg,4
20829.jpg,2
16749.jpg,2
1338.jpg,2
3085.jpg,2
22300.jpg,5
15415.jpg,1
8263.jpg,4
22418.jpg,0
21261.jpg,5
10836.jpg,2
17804.jpg,0
19481.jpg,2
21914.jpg,0
22906.jpg,1
9960.jpg,3
4701.jpg,2
10405.jpg,3
17626.jpg,3
16678.jpg,5
20780.jpg,0
4549.jpg,1
961.jpg,0
3729.jpg,0
21931.jpg,2
7242.jpg,2
19432.jpg,0
6446.jpg,0
12153.jpg,2
19949.jpg,3
5365.jpg,4
6529.jpg,1
7516.jpg,3
13894.jpg,2
9001.jpg,4
8887.jpg,2
22492.jpg,2
9626.jpg,4
9827.jpg,5
10232.jpg,2
7029.jpg,3
21082.jpg,5
4214.jpg,2
8454.jpg,4
3917.jpg,0
8240.jpg,2
13042.jpg,3
6438.jpg,0
7887.jpg,3
6992.jpg,0
10481.jpg,1
21127.jpg,0
600.jpg,3
13081.jpg,5
20654.jpg,3
8853.jpg,4
24090.jpg,2
4333.jpg,5
20505.jpg,1
21397.jpg,4
22312.jpg,1
2789.jpg,2
5862.jpg,5
22281.jpg,4
12797.jpg,1
21796.jpg,5
2163.jpg,5
19309.jpg,1
15219.jpg,0
6431.jpg,3
11353.jpg,3
20625.jpg,0
14977.jpg,1
18396.jpg,4
20340.jpg,1
13853.jpg,0
20128.jpg,5
10999.jpg,5
7974.jpg,0
5375.jpg,3
4588.jpg,4
18969.jpg,4
21337.jpg,2
11511.jpg,3
8875.jpg,3
12964.jpg,1
1234.jpg,0
4078.jpg,5
9028.jpg,3
17459.jpg,0
73.jpg,0
8672.jpg,4
7526.jpg,4
15099.jpg,2
24253.jpg,5
22630.jpg,5
14732.jpg,1
21815.jpg,0
2033.jpg,1
7112.jpg,4
1211.jpg,2
19275.jpg,2
22151.jpg,3
22607.jpg,2
13712.jpg,5
11572.jpg,5
7389.jpg,5
9373.jpg,0
1997.jpg,4
2899.jpg,0
3445.jpg,3
21901.jpg,3
18983.jpg,0
18519.jpg,1
1123.jpg,4
5537.jpg,0
5367.jpg,5
5782.jpg,4
9870.jpg,2
16217.jpg,1
4535.jpg,5
22713.jpg,0
16587.jpg,5
3707.jpg,3
4278.jpg,3
20912.jpg,5
5200.jpg,0
6855.jpg,2
6013.jpg,2
21131.jpg,5
3681.jpg,4
10669.jpg,5
22443.jpg,5
7092.jpg,3
17357.jpg,3
10132.jpg,2
8463.jpg,0
12650.jpg,5
8789.jpg,4
12834.jpg,4
23206.jpg,5
20914.jpg,5
18583.jpg,5
5699.jpg,2
17366.jpg,4
6039.jpg,1
22999.jpg,3
7433.jpg,4
3865.jpg,3
20793.jpg,3
11205.jpg,0
19710.jpg,4
18174.jpg,5
23517.jpg,3
14251.jpg,0
10201.jpg,5
21193.jpg,2
10397.jpg,4
17699.jpg,0
4061.jpg,3
23214.jpg,5
17791.jpg,4
24188.jpg,0
5100.jpg,1
1449.jpg,0
12278.jpg,5
6651.jpg,2
4925.jpg,0
14815.jpg,0
14380.jpg,1
21171.jpg,3
6688.jpg,2
23913.jpg,3
11224.jpg,5
9204.jpg,3
16235.jpg,2
8423.jpg,5
11585.jpg,3
24259.jpg,3
8332.jpg,5
23790.jpg,1
337.jpg,4
23847.jpg,4
20862.jpg,5
19648.jpg,1
21333.jpg,3
141.jpg,5
22693.jpg,1
21270.jpg,4
23894.jpg,2
2180.jpg,1
6058.jpg,5
22802.jpg,0
17037.jpg,3
7279.jpg,1
5067.jpg,3
10040.jpg,5
913.jpg,5
12541.jpg,3
4063.jpg,5
6556.jpg,1
9945.jpg,3
9712.jpg,2
6974.jpg,0
3656.jpg,1
7043.jpg,3
2200.jpg,3
21742.jpg,3
7044.jpg,3
7976.jpg,0
4284.jpg,5
8804.jpg,5
23996.jpg,0
24035.jpg,5
23545.jpg,1
20121.jpg,4
5996.jpg,2
17251.jpg,0
6892.jpg,5
5959.jpg,2
17256.jpg,3
10769.jpg,0
12628.jpg,3
873.jpg,2
695.jpg,3
8546.jpg,1
14051.jpg,4
22395.jpg,0
21998.jpg,3
23533.jpg,1
23827.jpg,0
10269.jpg,3
203.jpg,0
2814.jpg,2
5987.jpg,0
8149.jpg,4
10233.jpg,5
15717.jpg,0
17186.jpg,3
17172.jpg,2
5914.jpg,2
15391.jpg,0
21877.jpg,5
18873.jpg,1
9094.jpg,1
2064.jpg,5
4319.jpg,4
5229.jpg,4
21938.jpg,2
4681.jpg,5
11427.jpg,0
16634.jpg,5
5596.jpg,0
12325.jpg,2
17901.jpg,3
15286.jpg,0
15161.jpg,2
23592.jpg,1
14895.jpg,2
12279.jpg,2
4926.jpg,2
10340.jpg,5
854.jpg,0
1247.jpg,2
4896.jpg,3
17880.jpg,3
13852.jpg,3
2525.jpg,3
23239.jpg,2
777.jpg,3
9623.jpg,1
1258.jpg,3
22114.jpg,1
3923.jpg,2
21718.jpg,0
12264.jpg,5
6427.jpg,2
9936.jpg,4
14082.jpg,4
13441.jpg,1
9337.jpg,0
12286.jpg,0
15830.jpg,0
20755.jpg,1
21326.jpg,0
18970.jpg,1
15489.jpg,2
4756.jpg,2
7177.jpg,3
22566.jpg,4
10045.jpg,5
12079.jpg,4
5687.jpg,4
6.jpg,4
21509.jpg,0
18183.jpg,2
14625.jpg,0
14976.jpg,1
13060.jpg,1
17669.jpg,1
11546.jpg,3
17088.jpg,0
15441.jpg,0
13628.jpg,2
5936.jpg,4
16499.jpg,5
23621.jpg,3
1525.jpg,4
4559.jpg,1
529.jpg,4
23532.jpg,2
17310.jpg,5
7804.jpg,5
1816.jpg,2
9993.jpg,3
12850.jpg,4
23396.jpg,2
12941.jpg,3
12812.jpg,2
8710.jpg,0
19852.jpg,1
4597.jpg,5
16649.jpg,4
23614.jpg,3
23701.jpg,2
14739.jpg,3
20500.jpg,2
23991.jpg,4
11549.jpg,3
17608.jpg,0
17386.jpg,4
2296.jpg,4
12374.jpg,4
516.jpg,3
732.jpg,0
7473.jpg,1
11170.jpg,5
251.jpg,2
23071.jpg,2
11243.jpg,2
7403.jpg,1
4885.jpg,3
8522.jpg,0
69.jpg,5
5589.jpg,2
3716.jpg,0
24255.jpg,5
12420.jpg,4
15458.jpg,1
16551.jpg,4
16941.jpg,2
15881.jpg,3
4562.jpg,5
21440.jpg,0
20029.jpg,4
9265.jpg,0
3633.jpg,2
3789.jpg,4
13256.jpg,4
19856.jpg,2
3830.jpg,5
15151.jpg,3
10930.jpg,4
18588.jpg,3
15513.jpg,5
22579.jpg,3
12026.jpg,2
21449.jpg,2
15303.jpg,0
14066.jpg,1
18458.jpg,0
7244.jpg,0
23850.jpg,4
22275.jpg,1
21140.jpg,2
12842.jpg,5
23999.jpg,1
5450.jpg,3
13261.jpg,5
8443.jpg,4
4995.jpg,0
9314.jpg,1
5151.jpg,3
14112.jpg,3
7685.jpg,4
19873.jpg,5
15879.jpg,2
614.jpg,5
10173.jpg,5
13488.jpg,2
20744.jpg,1
2379.jpg,2
11909.jpg,5
7263.jpg,3
1162.jpg,2
16993.jpg,3
9995.jpg,1
10591.jpg,0
6485.jpg,4
4045.jpg,1
9047.jpg,0
11174.jpg,4
14137.jpg,4
14679.jpg,3
255.jpg,3
7757.jpg,2
22793.jpg,0
7855.jpg,2
375.jpg,5
20673.jpg,2
8625.jpg,2
15849.jpg,0
12683.jpg,0
19054.jpg,3
2585.jpg,0
3120.jpg,4
12854.jpg,3
17046.jpg,2
19435.jpg,3
12302.jpg,4
23514.jpg,4
21668.jpg,1
2138.jpg,1
133.jpg,5
4726.jpg,5
18491.jpg,3
1987.jpg,5
76.jpg,3
21944.jpg,3
4646.jpg,0
1885.jpg,2
3805.jpg,3
10866.jpg,4
17430.jpg,3
4518.jpg,5
13912.jpg,0
23050.jpg,2
20103.jpg,2
6615.jpg,1
19190.jpg,1
3419.jpg,2
10708.jpg,4
21299.jpg,3
15049.jpg,5
16839.jpg,3
936.jpg,4
952.jpg,0
23145.jpg,5
4615.jpg,5
2938.jpg,2
2745.jpg,5
7945.jpg,3
8667.jpg,5
17293.jpg,5
20199.jpg,2
20956.jpg,0
1383.jpg,0
3525.jpg,4
14068.jpg,4
4360.jpg,2
7385.jpg,2
15686.jpg,4
3013.jpg,2
20063.jpg,5
13520.jpg,4
2820.jpg,2
20481.jpg,4
127.jpg,2
17467.jpg,1
9607.jpg,3
12514.jpg,1
14438.jpg,3
8770.jpg,0
2441.jpg,5
10615.jpg,4
8829.jpg,2
18414.jpg,4
1288.jpg,2
14701.jpg,1
9477.jpg,1
677.jpg,3
13224.jpg,3
10652.jpg,3
3417.jpg,5
12407.jpg,5
2557.jpg,2
10813.jpg,4
21536.jpg,4
1889.jpg,3
10952.jpg,0
4328.jpg,5
7684.jpg,3
4882.jpg,0
20920.jpg,2
13616.jpg,4
6173.jpg,2
13939.jpg,2
14891.jpg,3
6453.jpg,2
13066.jpg,5
4984.jpg,4
16542.jpg,3
12100.jpg,0
23279.jpg,0
1814.jpg,1
13683.jpg,4
3084.jpg,3
13663.jpg,1
13704.jpg,3
5898.jpg,4
7898.jpg,0
19520.jpg,5
7423.jpg,4
16656.jpg,5
8654.jpg,0
4219.jpg,3
22059.jpg,1
23488.jpg,3
14326.jpg,5
1884.jpg,0
24142.jpg,2
8264.jpg,2
8642.jpg,4
2552.jpg,5
9427.jpg,0
24243.jpg,3
15834.jpg,0
16319.jpg,4
20022.jpg,3
2057.jpg,1
16878.jpg,0
13914.jpg,5
8609.jpg,4
23544.jpg,2
17405.jpg,3
22751.jpg,5
19320.jpg,5
22287.jpg,3
19729.jpg,1
22148.jpg,5
23966.jpg,0
1990.jpg,3
3790.jpg,3
15896.jpg,0
14925.jpg,0
19521.jpg,3
20977.jpg,5
4166.jpg,2
2370.jpg,2
2074.jpg,4
13661.jpg,4
23099.jpg,4
1617.jpg,5
10129.jpg,2
19539.jpg,0
11222.jpg,4
4817.jpg,0
4157.jpg,4
11983.jpg,0
14132.jpg,2
4699.jpg,3
5871.jpg,1
987.jpg,5
7329.jpg,4
12961.jpg,0
7094.jpg,4
18004.jpg,0
11596.jpg,4
14359.jpg,3
11101.jpg,1
8142.jpg,0
11038.jpg,0
17253.jpg,2
23963.jpg,5
14222.jpg,0
553.jpg,3
15325.jpg,1
19042.jpg,2
18307.jpg,5
11501.jpg,3
12609.jpg,1
4960.jpg,4
15525.jpg,4
16532.jpg,3
20623.jpg,5
4697.jpg,0
22332.jpg,2
20579.jpg,5
7554.jpg,0
17422.jpg,3
22061.jpg,5
5954.jpg,1
3639.jpg,5
5072.jpg,0
22873.jpg,2
1935.jpg,4
1409.jpg,1
12525.jpg,3
19012.jpg,4
13109.jpg,3
15765.jpg,3
9996.jpg,5
3012.jpg,2
28.jpg,3
19018.jpg,1
7761.jpg,3
1253.jpg,3
2245.jpg,1
15002.jpg,5
1436.jpg,1
24042.jpg,0
15063.jpg,4
23251.jpg,2
13260.jpg,3
8020.jpg,1
8839.jpg,3
14753.jpg,0
8680.jpg,2
14561.jpg,3
9982.jpg,5
2081.jpg,4
8493.jpg,0
492.jpg,3
16424.jpg,1
4542.jpg,5
14450.jpg,2
14862.jpg,2
5355.jpg,4
15366.jpg,0
20141.jpg,5
22697.jpg,3
22582.jpg,2
8168.jpg,3
14387.jpg,5
5408.jpg,5
14581.jpg,3
17282.jpg,4
10246.jpg,1
23202.jpg,3
22419.jpg,4
6063.jpg,5
15648.jpg,5
12150.jpg,5
13037.jpg,0
5361.jpg,5
21834.jpg,2
4080.jpg,3
22584.jpg,5
8836.jpg,4
16713.jpg,0
12276.jpg,2
14779.jpg,3
23561.jpg,3
6952.jpg,3
3206.jpg,0
20020.jpg,1
6696.jpg,5
14557.jpg,0
17215.jpg,1
14580.jpg,0
20543.jpg,3
4753.jpg,2
12124.jpg,0
18669.jpg,3
17863.jpg,5
2664.jpg,1
8035.jpg,2
7312.jpg,0
16536.jpg,3
6581.jpg,0
7778.jpg,2
15283.jpg,5
20203.jpg,4
5125.jpg,5
5749.jpg,5
23425.jpg,4
420.jpg,3
15685.jpg,2
22218.jpg,5
23305.jpg,0
22621.jpg,2
5647.jpg,3
8405.jpg,2
1712.jpg,4
20607.jpg,1
20881.jpg,0
7987.jpg,3
2412.jpg,4
1048.jpg,2
17334.jpg,3
1084.jpg,0
23330.jpg,3
17294.jpg,3
21930.jpg,1
15917.jpg,3
6574.jpg,4
14771.jpg,5
8270.jpg,2
1644.jpg,1
21395.jpg,3
13810.jpg,3
6811.jpg,2
13944.jpg,4
22381.jpg,3
11533.jpg,0
17057.jpg,3
16945.jpg,4
16666.jpg,0
9629.jpg,4
13672.jpg,0
19748.jpg,5
22122.jpg,2
11730.jpg,0
5585.jpg,4
22979.jpg,0
15552.jpg,4
3233.jpg,3
7270.jpg,3
22828.jpg,3
12527.jpg,1
19821.jpg,0
6999.jpg,4
14453.jpg,3
21072.jpg,2
8524.jpg,0
8917.jpg,5
22238.jpg,2
11250.jpg,5
3418.jpg,2
9523.jpg,4
12949.jpg,4
17487.jpg,1
720.jpg,1
8174.jpg,4
4746.jpg,3
22363.jpg,5
4302.jpg,1
4635.jpg,0
7957.jpg,0
21165.jpg,4
21952.jpg,5
6579.jpg,0
9081.jpg,0
23674.jpg,3
995.jpg,1
3250.jpg,2
10356.jpg,0
14735.jpg,0
9336.jpg,3
2039.jpg,0
4519.jpg,5
23345.jpg,1
5499.jpg,1
4736.jpg,1
22932.jpg,1
4418.jpg,1
16738.jpg,4
23673.jpg,2
13138.jpg,5
1821.jpg,2
20791.jpg,3
7407.jpg,0
379.jpg,5
2701.jpg,2
1419.jpg,3
19654.jpg,0
1581.jpg,2
14508.jpg,3
21582.jpg,0
14085.jpg,2
4641.jpg,5
4336.jpg,1
2588.jpg,2
7765.jpg,2
1494.jpg,3
19822.jpg,4
1934.jpg,1
18319.jpg,4
2260.jpg,2
22041.jpg,0
4430.jpg,2
9414.jpg,3
15244.jpg,0
2843.jpg,0
23719.jpg,4
24330.jpg,2
10390.jpg,0
8505.jpg,2
10755.jpg,1
20901.jpg,1
12918.jpg,5
1923.jpg,4
17595.jpg,3
22509.jpg,4
12796.jpg,5
20039.jpg,1
20749.jpg,2
18488.jpg,3
13295.jpg,0
19322.jpg,2
2696.jpg,5
19657.jpg,2
18624.jpg,1
10945.jpg,0
4200.jpg,3
13475.jpg,1
18378.jpg,5
5457.jpg,3
21681.jpg,2
4930.jpg,2
19160.jpg,0
16548.jpg,2
3052.jpg,2
7772.jpg,1
4643.jpg,2
23468.jpg,4
12608.jpg,0
2246.jpg,1
7521.jpg,3
17790.jpg,1
9101.jpg,2
21667.jpg,5
24012.jpg,5
19628.jpg,0
16606.jpg,5
23553.jpg,4
7691.jpg,4
20773.jpg,0
16343.jpg,1
6206.jpg,4
13805.jpg,0
17115.jpg,5
13718.jpg,1
21080.jpg,2
19558.jpg,5
8186.jpg,3
10949.jpg,5
4609.jpg,5
17619.jpg,0
22413.jpg,5
14618.jpg,4
23568.jpg,2
16987.jpg,1
19583.jpg,3
22077.jpg,0
15068.jpg,1
14481.jpg,5
21204.jpg,3
10749.jpg,5
563.jpg,3
14688.jpg,2
507.jpg,1
17816.jpg,2
19474.jpg,4
24089.jpg,3
8429.jpg,1
16063.jpg,2
8992.jpg,5
22113.jpg,5
13646.jpg,0
23278.jpg,5
21823.jpg,1
7933.jpg,1
830.jpg,3
15278.jpg,5
19426.jpg,2
13087.jpg,0
6692.jpg,3
23954.jpg,4
6288.jpg,4
17640.jpg,1
15170.jpg,0
23627.jpg,3
13410.jpg,0
8011.jpg,1
310.jpg,2
24233.jpg,5
15762.jpg,3
434.jpg,3
2538.jpg,3
14672.jpg,4
8489.jpg,1
17659.jpg,5
6108.jpg,3
4649.jpg,5
18886.jpg,1
7705.jpg,0
22787.jpg,2
4692.jpg,5
20716.jpg,1
19972.jpg,5
16337.jpg,3
2328.jpg,3
8097.jpg,3
17118.jpg,0
22018.jpg,4
16186.jpg,3
7954.jpg,0
9724.jpg,0
22118.jpg,2
14306.jpg,5
21015.jpg,1
20217.jpg,4
21134.jpg,3
22344.jpg,2
9940.jpg,4
4195.jpg,4
4480.jpg,4
4411.jpg,1
23092.jpg,3
11968.jpg,5
20525.jpg,0
14193.jpg,3
3753.jpg,4
21370.jpg,4
21782.jpg,3
16688.jpg,3
21752.jpg,2
3962.jpg,4
23356.jpg,2
24144.jpg,2
10998.jpg,1
16446.jpg,4
5322.jpg,2
11258.jpg,5
10253.jpg,5
4866.jpg,3
4453.jpg,5
1847.jpg,3
1037.jpg,5
5553.jpg,4
1255.jpg,3
327.jpg,3
23836.jpg,2
11671.jpg,3
22872.jpg,5
14206.jpg,5
9341.jpg,1
5736.jpg,4
10043.jpg,4
19641.jpg,4
22396.jpg,3
20830.jpg,0
9809.jpg,5
10272.jpg,2
1536.jpg,3
23765.jpg,1
23039.jpg,2
4247.jpg,4
6513.jpg,3
3772.jpg,3
81.jpg,2
9107.jpg,5
12261.jpg,1
6964.jpg,0
24316.jpg,2
22662.jpg,5
9920.jpg,2
6857.jpg,2
8828.jpg,0
19099.jpg,2
22069.jpg,1
9702.jpg,2
19658.jpg,4
8508.jpg,3
6835.jpg,3
3351.jpg,2
19301.jpg,4
5420.jpg,1
23941.jpg,4
6951.jpg,2
9829.jpg,5
8916.jpg,4
21487.jpg,3
8007.jpg,2
11260.jpg,3
4618.jpg,5
3823.jpg,3
10066.jpg,3
10447.jpg,1
14886.jpg,4
2851.jpg,3
9688.jpg,3
19382.jpg,2
17627.jpg,1
13662.jpg,4
11214.jpg,0
16266.jpg,3
8967.jpg,4
18604.jpg,0
13178.jpg,5
11361.jpg,2
5137.jpg,2
14944.jpg,0
5667.jpg,5
10277.jpg,5
1164.jpg,5
18986.jpg,2
21330.jpg,1
21009.jpg,2
15772.jpg,0
9315.jpg,3
13555.jpg,4
23395.jpg,2
5942.jpg,0
23199.jpg,2
6121.jpg,4
5016.jpg,2
11778.jpg,4
22659.jpg,0
8197.jpg,4
8665.jpg,4
126.jpg,5
3167.jpg,4
9435.jpg,3
6164.jpg,0
17733.jpg,3
5746.jpg,4
19381.jpg,2
13580.jpg,5
12088.jpg,2
11130.jpg,5
12109.jpg,2
24014.jpg,2
1334.jpg,4
8391.jpg,1
2378.jpg,1
900.jpg,5
760.jpg,3
19396.jpg,5
22422.jpg,3
3855.jpg,3
22680.jpg,1
16864.jpg,2
3289.jpg,3
15537.jpg,3
5077.jpg,0
5646.jpg,4
7508.jpg,0
6559.jpg,5
23231.jpg,0
8467.jpg,0
7107.jpg,1
20943.jpg,5
20410.jpg,1
12390.jpg,2
15013.jpg,3
16968.jpg,5
13869.jpg,5
691.jpg,0
23302.jpg,5
18090.jpg,2
13102.jpg,0
5800.jpg,5
24210.jpg,0
16961.jpg,1
3374.jpg,1
17779.jpg,4
13416.jpg,2
14026.jpg,5
19933.jpg,5
18346.jpg,0
522.jpg,3
2711.jpg,0
15555.jpg,5
15021.jpg,1
15878.jpg,5
23397.jpg,1
20814.jpg,1
9470.jpg,3
8512.jpg,5
21927.jpg,1
169.jpg,5
921.jpg,1
6966.jpg,0
2034.jpg,4
21698.jpg,2
20463.jpg,3
5571.jpg,5
9255.jpg,3
6296.jpg,3
2795.jpg,2
15710.jpg,0
21188.jpg,0
14657.jpg,3
12464.jpg,1
2574.jpg,3
3770.jpg,4
23288.jpg,4
15437.jpg,5
5031.jpg,1
23953.jpg,5
1551.jpg,3
11566.jpg,0
3932.jpg,0
3570.jpg,0
15829.jpg,2
8593.jpg,2
17656.jpg,0
23539.jpg,0
14292.jpg,3
16699.jpg,3
23078.jpg,5
7349.jpg,0
13754.jpg,0
1452.jpg,3
344.jpg,2
10445.jpg,1
13774.jpg,5
16814.jpg,5
21391.jpg,0
16501.jpg,2
13255.jpg,1
13530.jpg,5
2500.jpg,3
3062.jpg,5
19839.jpg,0
8869.jpg,3
4911.jpg,1
16447.jpg,3
16617.jpg,3
18254.jpg,5
13461.jpg,5
23019.jpg,2
22006.jpg,4
20169.jpg,3
718.jpg,4
10676.jpg,3
1174.jpg,0
21969.jpg,1
14011.jpg,5
19575.jpg,2
16089.jpg,0
11574.jpg,5
21084.jpg,0
15012.jpg,2
21878.jpg,5
23142.jpg,5
10843.jpg,4
15543.jpg,5
5022.jpg,4
22783.jpg,3
16934.jpg,2
173.jpg,3
8046.jpg,4
20262.jpg,1
13438.jpg,5
22364.jpg,5
22749.jpg,3
10934.jpg,0
15726.jpg,0
11638.jpg,4
22445.jpg,3
15241.jpg,4
15417.jpg,5
1922.jpg,0
15396.jpg,1
14855.jpg,2
14102.jpg,0
4206.jpg,0
17635.jpg,1
12856.jpg,0
7472.jpg,1
3738.jpg,5
23839.jpg,3
20827.jpg,1
10293.jpg,3
23754.jpg,4
14610.jpg,3
2119.jpg,1
12015.jpg,2
17192.jpg,2
9168.jpg,3
17041.jpg,1
23439.jpg,4
7862.jpg,2
2135.jpg,5
12480.jpg,5
19572.jpg,5
16947.jpg,0
21679.jpg,1
2383.jpg,5
3177.jpg,0
1726.jpg,1
11849.jpg,0
15309.jpg,5
10933.jpg,3
19943.jpg,5
1173.jpg,0
7548.jpg,1
2972.jpg,4
17489.jpg,3
5693.jpg,5
23438.jpg,4
23946.jpg,5
4477.jpg,2
17542.jpg,3
18352.jpg,0
22815.jpg,4
1187.jpg,4
17288.jpg,5
20578.jpg,0
458.jpg,0
22698.jpg,5
38.jpg,2
16298.jpg,5
863.jpg,3
7106.jpg,5
9596.jpg,5
2493.jpg,2
7515.jpg,2
3916.jpg,3
21026.jpg,3
3254.jpg,3
9443.jpg,2
10083.jpg,2
22248.jpg,2
23607.jpg,5
1463.jpg,2
13974.jpg,5
9431.jpg,4
1893.jpg,2
15910.jpg,5
8369.jpg,2
1521.jpg,0
8520.jpg,2
487.jpg,3
841.jpg,3
622.jpg,3
2028.jpg,2
9511.jpg,5
5806.jpg,0
16772.jpg,4
3986.jpg,5
4300.jpg,2
2645.jpg,5
4710.jpg,1
14406.jpg,1
13498.jpg,3
22559.jpg,4
13768.jpg,3
176.jpg,2
2845.jpg,0
9554.jpg,4
6557.jpg,4
4712.jpg,3
8257.jpg,2
1158.jpg,3
8401.jpg,4
18278.jpg,1
3552.jpg,0
17050.jpg,5
1965.jpg,1
4843.jpg,2
11488.jpg,0
16229.jpg,4
7117.jpg,1
11121.jpg,3
788.jpg,3
17148.jpg,4
7322.jpg,4
19614.jpg,0
3258.jpg,4
2700.jpg,3
328.jpg,3
10241.jpg,1
19146.jpg,5
23581.jpg,4
5144.jpg,5
20360.jpg,3
19264.jpg,3
5364.jpg,3
1101.jpg,5
21264.jpg,3
10179.jpg,0
10880.jpg,0
18953.jpg,2
19414.jpg,1
5951.jpg,3
7514.jpg,2
23267.jpg,4
14682.jpg,5
572.jpg,5
16921.jpg,5
4124.jpg,4
14901.jpg,5
14975.jpg,1
2096.jpg,5
4422.jpg,5
19633.jpg,3
10622.jpg,1
6257.jpg,2
13900.jpg,3
7824.jpg,2
11411.jpg,5
14384.jpg,1
5112.jpg,3
745.jpg,0
9235.jpg,1
20787.jpg,4
7296.jpg,0
17728.jpg,4
10698.jpg,1
23083.jpg,4
6202.jpg,5
11163.jpg,3
20973.jpg,5
11031.jpg,4
11078.jpg,0
8808.jpg,4
21408.jpg,5
1620.jpg,1
14957.jpg,1
350.jpg,0
14645.jpg,0
14163.jpg,5
8325.jpg,3
21275.jpg,5
17062.jpg,2
5293.jpg,1
20298.jpg,3
14211.jpg,2
12128.jpg,0
12056.jpg,3
1492.jpg,2
18890.jpg,3
4288.jpg,1
17883.jpg,3
14108.jpg,0
18768.jpg,4
23880.jpg,4
5894.jpg,5
2719.jpg,1
11879.jpg,2
14476.jpg,1
22529.jpg,0
16477.jpg,5
12033.jpg,2
18513.jpg,1
18987.jpg,2
1451.jpg,1
17646.jpg,5
17438.jpg,0
5525.jpg,2
22874.jpg,5
22213.jpg,5
18304.jpg,4
12731.jpg,1
20932.jpg,0
2491.jpg,5
7480.jpg,3
20939.jpg,4
19346.jpg,0
6493.jpg,0
6724.jpg,0
16204.jpg,0
17677.jpg,2
13398.jpg,4
6332.jpg,5
19424.jpg,2
21028.jpg,1
13684.jpg,3
16553.jpg,4
7651.jpg,3
16408.jpg,3
2090.jpg,0
3271.jpg,5
22701.jpg,3
10336.jpg,2
5803.jpg,4
9086.jpg,3
368.jpg,5
12959.jpg,0
302.jpg,0
8849.jpg,4
17686.jpg,2
10013.jpg,3
16650.jpg,4
2783.jpg,1
2315.jpg,1
8776.jpg,1
24289.jpg,2
11738.jpg,3
9987.jpg,5
22929.jpg,2
3926.jpg,1
6168.jpg,2
8758.jpg,1
6437.jpg,0
1834.jpg,4
20795.jpg,0
8289.jpg,3
14098.jpg,4
836.jpg,4
17813.jpg,2
18641.jpg,4
12836.jpg,5
21588.jpg,0
19631.jpg,2
6217.jpg,5
23414.jpg,0
12537.jpg,4
6133.jpg,1
13331.jpg,0
4660.jpg,4
13379.jpg,2
10090.jpg,0
17128.jpg,4
22605.jpg,5
18825.jpg,0
12516.jpg,1
6255.jpg,3
24227.jpg,2
18649.jpg,3
8929.jpg,5
9572.jpg,1
4419.jpg,3
9451.jpg,3
22524.jpg,3
99.jpg,1
16608.jpg,2
16328.jpg,1
2017.jpg,0
575.jpg,1
9713.jpg,4
1388.jpg,4
19577.jpg,1
17641.jpg,5
10469.jpg,4
19069.jpg,3
16825.jpg,1
6194.jpg,2
22371.jpg,1
20097.jpg,3
22489.jpg,0
16075.jpg,5
3171.jpg,5
3059.jpg,5
18554.jpg,3
6850.jpg,5
24156.jpg,2
11159.jpg,5
21335.jpg,3
17223.jpg,5
16759.jpg,4
19587.jpg,5
5888.jpg,3
271.jpg,2
22905.jpg,5
4793.jpg,0
15136.jpg,1
3859.jpg,0
23828.jpg,3
19497.jpg,3
12635.jpg,0
2832.jpg,3
12334.jpg,2
23000.jpg,3
5725.jpg,2
10585.jpg,1
18069.jpg,0
7789.jpg,1
689.jpg,5
18642.jpg,1
22611.jpg,1
2482.jpg,1
21089.jpg,4
4243.jpg,5
21050.jpg,3
3421.jpg,4
7119.jpg,0
16729.jpg,1
1568.jpg,4
19673.jpg,1
13518.jpg,2
19392.jpg,3
6488.jpg,2
734.jpg,0
21223.jpg,3
2207.jpg,1
8008.jpg,3
19787.jpg,1
9205.jpg,2
2060.jpg,1
6862.jpg,4
8833.jpg,1
12394.jpg,5
18607.jpg,5
12778.jpg,4
7958.jpg,5
8083.jpg,4
13340.jpg,4
10375.jpg,5
591.jpg,1
23887.jpg,5
14772.jpg,3
22430.jpg,1
619.jpg,1
19034.jpg,3
17086.jpg,4
64.jpg,1
10060.jpg,1
12587.jpg,0
13713.jpg,5
4104.jpg,2
3652.jpg,3
14520.jpg,2
6350.jpg,2
11517.jpg,1
4405.jpg,5
9268.jpg,2
6536.jpg,1
6663.jpg,1
3597.jpg,5
18048.jpg,0
3404.jpg,2
19073.jpg,0
4677.jpg,5
8091.jpg,0
1404.jpg,2
13949.jpg,5
19941.jpg,3
7444.jpg,4
4758.jpg,3
5180.jpg,2
15075.jpg,5
17079.jpg,4
4585.jpg,1
19696.jpg,5
12894.jpg,3
2499.jpg,0
388.jpg,0
5787.jpg,5
19646.jpg,0
6577.jpg,3
9900.jpg,2
9858.jpg,1
3441.jpg,3
16039.jpg,2
2432.jpg,3
1214.jpg,0
15745.jpg,4
15750.jpg,2
14367.jpg,3
5162.jpg,1
6475.jpg,3
12080.jpg,0
17195.jpg,3
2933.jpg,4
3034.jpg,2
7688.jpg,3
12180.jpg,1
21767.jpg,3
19717.jpg,1
18040.jpg,2
23666.jpg,5
1271.jpg,1
22181.jpg,1
4355.jpg,4
9700.jpg,1
3128.jpg,0
16714.jpg,5
2278.jpg,1
2128.jpg,0
16686.jpg,3
20196.jpg,5
7871.jpg,3
8247.jpg,0
21110.jpg,2
19525.jpg,3
7372.jpg,2
19754.jpg,2
6491.jpg,2
13262.jpg,0
24281.jpg,2
14850.jpg,5
5979.jpg,2
13601.jpg,2
21252.jpg,1
3011.jpg,1
5564.jpg,3
16635.jpg,5
20278.jpg,2
10059.jpg,1
3648.jpg,2
7783.jpg,5
2151.jpg,4
2780.jpg,3
5421.jpg,3
9295.jpg,5
12828.jpg,2
13963.jpg,3
19327.jpg,0
19233.jpg,0
2363.jpg,1
13070.jpg,1
23190.jpg,5
15963.jpg,4
10419.jpg,2
15114.jpg,1
4325.jpg,2
9641.jpg,0
23066.jpg,0
5595.jpg,2
3517.jpg,2
2708.jpg,1
20219.jpg,5
14906.jpg,3
3112.jpg,4
1971.jpg,1
23340.jpg,0
17269.jpg,4
12751.jpg,4
23029.jpg,5
23391.jpg,1
21531.jpg,4
9284.jpg,2
7147.jpg,5
7352.jpg,1
10964.jpg,2
4811.jpg,4
8990.jpg,1
10052.jpg,0
10894.jpg,4
13850.jpg,2
23313.jpg,1
6596.jpg,5
20037.jpg,0
754.jpg,1
13838.jpg,5
22131.jpg,5
11648.jpg,2
8012.jpg,5
5766.jpg,3
2035.jpg,1
20573.jpg,4
18228.jpg,0
19951.jpg,5
17610.jpg,5
23802.jpg,4
5560.jpg,5
16576.jpg,3
23493.jpg,3
12297.jpg,1
8071.jpg,3
1906.jpg,5
1405.jpg,1
9668.jpg,4
6701.jpg,5
12115.jpg,5
2533.jpg,3
21048.jpg,0
15186.jpg,4
17907.jpg,1
2846.jpg,4
9132.jpg,4
9783.jpg,4
21074.jpg,4
14426.jpg,3
320.jpg,5
9545.jpg,2
22968.jpg,5
2221.jpg,3
10270.jpg,4
15964.jpg,4
17199.jpg,4
16360.jpg,4
7082.jpg,4
19831.jpg,2
14427.jpg,5
18062.jpg,2
20021.jpg,1
10888.jpg,3
20223.jpg,3
20149.jpg,2
7504.jpg,3
11461.jpg,4
1274.jpg,4
1364.jpg,0
549.jpg,1
13016.jpg,2
10477.jpg,5
14631.jpg,3
16167.jpg,5
13428.jpg,0
15040.jpg,2
18949.jpg,3
17984.jpg,0
8440.jpg,4
13346.jpg,1
18579.jpg,4
4586.jpg,2
18085.jpg,2
10102.jpg,4
13394.jpg,3
21109.jpg,3
2153.jpg,0
17961.jpg,1
7011.jpg,0
15688.jpg,4
23893.jpg,0
12183.jpg,1
18985.jpg,3
6885.jpg,4
389.jpg,1
8614.jpg,2
1985.jpg,2
11071.jpg,2
20509.jpg,4
23080.jpg,3
12215.jpg,4
12936.jpg,5
14742.jpg,5
17071.jpg,1
20721.jpg,5
3459.jpg,3
8099.jpg,4
4764.jpg,2
15733.jpg,1
18627.jpg,2
18169.jpg,4
16484.jpg,5
6399.jpg,1
15933.jpg,3
13292.jpg,4
8305.jpg,5
20645.jpg,2
15113.jpg,4
935.jpg,0
12371.jpg,5
17231.jpg,0
24191.jpg,2
8449.jpg,1
19757.jpg,2
8144.jpg,1
14814.jpg,4
12756.jpg,5
13872.jpg,0
6492.jpg,4
21571.jpg,4
268.jpg,5
8781.jpg,5
18617.jpg,2
21308.jpg,2
2299.jpg,0
17598.jpg,1
21438.jpg,1
787.jpg,1
2313.jpg,4
20407.jpg,0
2610.jpg,0
2685.jpg,5
15645.jpg,0
2247.jpg,5
15980.jpg,1
14166.jpg,5
8417.jpg,3
6351.jpg,3
15041.jpg,4
23730.jpg,2
15342.jpg,5
11881.jpg,2
23132.jpg,5
4688.jpg,5
17976.jpg,1
16127.jpg,0
806.jpg,3
14374.jpg,4
17125.jpg,1
12331.jpg,4
21249.jpg,4
8456.jpg,0
15979.jpg,3
5957.jpg,4
8059.jpg,5
12284.jpg,5
9854.jpg,1
21854.jpg,4
19395.jpg,3
21094.jpg,3
7843.jpg,5
7794.jpg,3
11965.jpg,3
7739.jpg,2
11817.jpg,3
11330.jpg,1
2146.jpg,4
121.jpg,5
17482.jpg,5
2474.jpg,4
3677.jpg,2
19644.jpg,0
9128.jpg,4
3739.jpg,5
7714.jpg,4
8997.jpg,3
17367.jpg,5
13069.jpg,1
10991.jpg,1
5376.jpg,3
3508.jpg,4
7334.jpg,5
16035.jpg,0
23599.jpg,5
1764.jpg,5
13467.jpg,4
12921.jpg,5
4350.jpg,4
3246.jpg,2
11916.jpg,4
5475.jpg,3
16415.jpg,4
21160.jpg,3
11328.jpg,3
10287.jpg,1
16396.jpg,5
12966.jpg,3
10414.jpg,0
10726.jpg,1
17629.jpg,2
21594.jpg,5
15591.jpg,2
1671.jpg,1
2355.jpg,3
13772.jpg,5
20396.jpg,0
10381.jpg,0
9515.jpg,5
7920.jpg,2
4445.jpg,2
917.jpg,4
12563.jpg,2
1780.jpg,4
5681.jpg,0
12052.jpg,1
14982.jpg,0
6303.jpg,3
17261.jpg,2
6082.jpg,2
24182.jpg,0
792.jpg,2
6922.jpg,3
22541.jpg,4
21500.jpg,0
23788.jpg,0
2408.jpg,1
12362.jpg,0
4286.jpg,5
20193.jpg,0
14696.jpg,0
15698.jpg,0
6234.jpg,4
17383.jpg,0
9828.jpg,2
15967.jpg,1
5859.jpg,1
18019.jpg,1
6145.jpg,3
13913.jpg,5
21251.jpg,5
17340.jpg,2
17465.jpg,3
22010.jpg,3
4495.jpg,5
8935.jpg,5
20105.jpg,4
3564.jpg,1
13454.jpg,5
22016.jpg,2
5187.jpg,5
6783.jpg,4
11895.jpg,0
4309.jpg,3
11853.jpg,2
4524.jpg,5
13065.jpg,2
1634.jpg,4
8315.jpg,5
21079.jpg,5
182.jpg,5
4245.jpg,2
9405.jpg,3
6531.jpg,1
18326.jpg,5
10436.jpg,3
14241.jpg,1
5702.jpg,0
1509.jpg,4
4363.jpg,5
19385.jpg,2
4619.jpg,1
13591.jpg,1
2952.jpg,5
10614.jpg,1
20997.jpg,5
23335.jpg,1
23479.jpg,4
18434.jpg,2
18775.jpg,5
5733.jpg,1
896.jpg,3
4107.jpg,5
19458.jpg,0
18160.jpg,5
23434.jpg,4
20700.jpg,4
13459.jpg,0
16893.jpg,2
19370.jpg,2
14020.jpg,1
16777.jpg,1
3817.jpg,2
11308.jpg,3
21451.jpg,1
7183.jpg,2
8066.jpg,5
9546.jpg,3
20562.jpg,1
20023.jpg,0
5128.jpg,0
13799.jpg,4
13369.jpg,2
23394.jpg,4
14768.jpg,3
23994.jpg,3
10530.jpg,2
17704.jpg,3
7857.jpg,0
8017.jpg,2
3799.jpg,1
12354.jpg,4
3690.jpg,4
19096.jpg,0
22056.jpg,1
21920.jpg,3
4655.jpg,4
15941.jpg,3
70.jpg,2
9429.jpg,0
1051.jpg,2
23467.jpg,1
20656.jpg,2
8969.jpg,1
3049.jpg,0
13917.jpg,5
22039.jpg,0
16663.jpg,4
1324.jpg,5
1479.jpg,3
7249.jpg,5
22910.jpg,5
12971.jpg,4
1724.jpg,5
19143.jpg,0
10478.jpg,4
17884.jpg,1
14616.jpg,0
3996.jpg,3
20215.jpg,4
2490.jpg,3
3819.jpg,1
18956.jpg,0
1535.jpg,3
4749.jpg,4
18778.jpg,5
20551.jpg,3
20180.jpg,3
16849.jpg,5
24003.jpg,3
13074.jpg,2
20295.jpg,0
22888.jpg,0
14149.jpg,0
3176.jpg,5
20936.jpg,0
4298.jpg,0
4734.jpg,5
15057.jpg,1
6026.jpg,1
9640.jpg,5
17003.jpg,5
20233.jpg,0
15731.jpg,4
19476.jpg,1
6066.jpg,5
10092.jpg,1
5284.jpg,1
3156.jpg,2
21338.jpg,4
17935.jpg,1
16454.jpg,0
2980.jpg,2
11191.jpg,5
18058.jpg,5
13510.jpg,2
11948.jpg,2
17836.jpg,0
15387.jpg,1
15230.jpg,1
13512.jpg,2
1995.jpg,1
14121.jpg,4
3883.jpg,3
5197.jpg,3
5366.jpg,3
6547.jpg,4
22533.jpg,5
15318.jpg,4
10458.jpg,1
19653.jpg,0
5901.jpg,1
24093.jpg,0
7766.jpg,0
2244.jpg,0
14339.jpg,3
11394.jpg,2
6198.jpg,3
5830.jpg,1
21202.jpg,3
4396.jpg,5
21351.jpg,2
4689.jpg,3
2689.jpg,2
13163.jpg,2
498.jpg,2
661.jpg,1
10424.jpg,1
4719.jpg,5
15612.jpg,0
11449.jpg,5
2966.jpg,0
17501.jpg,4
12662.jpg,3
17580.jpg,5
7907.jpg,0
11564.jpg,5
8002.jpg,2
14806.jpg,2
10931.jpg,0
20823.jpg,0
14878.jpg,0
22485.jpg,4
12078.jpg,4
16508.jpg,3
11370.jpg,5
18698.jpg,3
21322.jpg,5
12271.jpg,0
3198.jpg,4
22292.jpg,1
5115.jpg,2
11520.jpg,0
15336.jpg,5
11103.jpg,2
13004.jpg,2
12335.jpg,1
832.jpg,3
16781.jpg,3
4706.jpg,0
21031.jpg,0
23858.jpg,3
16313.jpg,1
11839.jpg,1
1652.jpg,2
16524.jpg,3
3146.jpg,1
20526.jpg,3
5796.jpg,5
19562.jpg,0
465.jpg,2
2955.jpg,0
18227.jpg,2
6749.jpg,5
23832.jpg,1
19324.jpg,1
12318.jpg,4
23303.jpg,3
3472.jpg,2
20368.jpg,2
24333.jpg,0
22094.jpg,4
12879.jpg,2
3725.jpg,2
22155.jpg,2
12139.jpg,4
4778.jpg,5
18562.jpg,3
21508.jpg,0
9143.jpg,2
17988.jpg,0
22449.jpg,0
11773.jpg,3
6090.jpg,5
4754.jpg,4
6025.jpg,2
7800.jpg,0
12486.jpg,2
13055.jpg,1
8946.jpg,2
6571.jpg,4
9181.jpg,0
21786.jpg,1
22174.jpg,0
5103.jpg,1
2130.jpg,1
22530.jpg,3
13509.jpg,4
10785.jpg,3
10987.jpg,5
20049.jpg,4
23580.jpg,1
5621.jpg,1
19254.jpg,2
22554.jpg,5
17436.jpg,5
16042.jpg,5
7489.jpg,2
9296.jpg,5
21636.jpg,2
12911.jpg,1
18071.jpg,5
9136.jpg,5
12133.jpg,4
9437.jpg,4
13595.jpg,4
19797.jpg,3
5068.jpg,0
15360.jpg,5
6376.jpg,5
9972.jpg,5
20135.jpg,1
11463.jpg,2
18041.jpg,5
2359.jpg,5
13110.jpg,5
15720.jpg,2
22397.jpg,2
12062.jpg,3
19074.jpg,0
2694.jpg,0
6141.jpg,2
1975.jpg,2
5623.jpg,1
7540.jpg,0
1545.jpg,3
14811.jpg,1
5473.jpg,0
24015.jpg,3
11065.jpg,2
12554.jpg,2
14594.jpg,1
14101.jpg,5
15993.jpg,2
20404.jpg,2
7434.jpg,0
20693.jpg,0
4150.jpg,0
10579.jpg,1
5732.jpg,1
21971.jpg,1
10321.jpg,0
3179.jpg,2
8085.jpg,0
24331.jpg,1
3169.jpg,3
9020.jpg,4
11443.jpg,0
4888.jpg,2
5336.jpg,0
2187.jpg,5
24192.jpg,2
9790.jpg,4
8251.jpg,1
9438.jpg,1
17349.jpg,3
17774.jpg,0
23357.jpg,4
9804.jpg,2
9471.jpg,5
16632.jpg,2
4135.jpg,5
12250.jpg,2
13576.jpg,4
18171.jpg,1
19725.jpg,4
12419.jpg,5
13987.jpg,0
17753.jpg,1
22757.jpg,0
19093.jpg,1
13929.jpg,4
10109.jpg,4
16957.jpg,2
16955.jpg,4
14801.jpg,3
16094.jpg,2
18613.jpg,3
22838.jpg,1
20325.jpg,4
21312.jpg,3
18766.jpg,1
15179.jpg,0
3580.jpg,1
19467.jpg,5
592.jpg,1
11435.jpg,3
5282.jpg,0
5346.jpg,2
23378.jpg,0
12361.jpg,3
9679.jpg,5
5737.jpg,0
14199.jpg,3
10178.jpg,1
17303.jpg,1
4277.jpg,4
6644.jpg,1
4867.jpg,4
20437.jpg,4
20839.jpg,2
2530.jpg,5
24025.jpg,0
11984.jpg,1
638.jpg,2
23460.jpg,2
4111.jpg,1
10768.jpg,1
23095.jpg,1
15018.jpg,0
3452.jpg,1
16662.jpg,3
4713.jpg,5
15847.jpg,0
11705.jpg,5
16626.jpg,0
17763.jpg,3
10437.jpg,5
16519.jpg,2
4652.jpg,4
6071.jpg,1
21628.jpg,2
10762.jpg,2
21637.jpg,3
140.jpg,0
19596.jpg,4
17052.jpg,2
5497.jpg,1
671.jpg,5
3835.jpg,0
18464.jpg,1
13414.jpg,1
12725.jpg,5
11886.jpg,5
10522.jpg,1
19408.jpg,1
20035.jpg,5
4391.jpg,4
20244.jpg,3
14819.jpg,0
3886.jpg,4
14421.jpg,4
3326.jpg,3
12645.jpg,3
1459.jpg,0
11067.jpg,3
7697.jpg,1
1337.jpg,0
15848.jpg,3
12291.jpg,5
18241.jpg,3
14945.jpg,4
18703.jpg,1
12753.jpg,0
1914.jpg,0
13945.jpg,5
23412.jpg,3
18083.jpg,3
14428.jpg,2
12254.jpg,3
8267.jpg,5
9270.jpg,0
9123.jpg,1
19473.jpg,3
13485.jpg,5
16558.jpg,3
23878.jpg,0
22612.jpg,5
5619.jpg,2
11230.jpg,4
4366.jpg,1
7670.jpg,1
19672.jpg,0
5472.jpg,0
19871.jpg,4
18250.jpg,1
18225.jpg,5
20468.jpg,0
22195.jpg,2
10746.jpg,0
11791.jpg,3
11445.jpg,2
16271.jpg,5
4574.jpg,5
15112.jpg,1
18859.jpg,2
19271.jpg,1
520.jpg,0
21700.jpg,5
14858.jpg,5
19128.jpg,1
14352.jpg,1
9844.jpg,3
9110.jpg,5
11433.jpg,2
233.jpg,4
22889.jpg,0
4420.jpg,5
13571.jpg,4
4849.jpg,1
18616.jpg,1
20224.jpg,1
8316.jpg,0
17618.jpg,4
462.jpg,1
17108.jpg,3
8570.jpg,3
9245.jpg,3
23763.jpg,5
11891.jpg,4
6647.jpg,1
21561.jpg,1
6306.jpg,0
6611.jpg,5
19610.jpg,3
10782.jpg,0
3407.jpg,0
16526.jpg,4
3531.jpg,1
5854.jpg,4
17208.jpg,1
7732.jpg,4
6189.jpg,4
9743.jpg,2
23403.jpg,1
4361.jpg,2
22392.jpg,0
6917.jpg,5
1717.jpg,0
15629.jpg,1
4910.jpg,1
20205.jpg,1
22728.jpg,1
18774.jpg,4
2449.jpg,0
9500.jpg,1
839.jpg,3
21324.jpg,5
1783.jpg,5
9975.jpg,2
13578.jpg,5
3026.jpg,5
19086.jpg,1
23525.jpg,2
11935.jpg,2
1948.jpg,1
14088.jpg,5
23809.jpg,3
23720.jpg,4
13927.jpg,1
22916.jpg,2
7737.jpg,0
19997.jpg,5
18858.jpg,1
9619.jpg,0
19201.jpg,1
973.jpg,3
9010.jpg,5
11256.jpg,1
9052.jpg,5
1277.jpg,4
19393.jpg,2
12491.jpg,0
16937.jpg,4
14253.jpg,2
21477.jpg,1
14724.jpg,4
7182.jpg,4
6707.jpg,5
4613.jpg,2
2094.jpg,0
12006.jpg,4
18879.jpg,5
3555.jpg,3
21880.jpg,0
2190.jpg,5
13192.jpg,1
21975.jpg,1
10534.jpg,2
13283.jpg,5
4176.jpg,5
7510.jpg,2
485.jpg,3
11720.jpg,5
1319.jpg,1
12550.jpg,4
23523.jpg,1
1438.jpg,1
15888.jpg,5
19174.jpg,5
21709.jpg,2
5993.jpg,4
16794.jpg,0
10939.jpg,3
9886.jpg,3
8560.jpg,2
18082.jpg,0
23249.jpg,0
6074.jpg,0
24240.jpg,3
7895.jpg,5
14302.jpg,1
645.jpg,5
17016.jpg,1
15197.jpg,5
9433.jpg,1
15378.jpg,0
23379.jpg,4
14138.jpg,2
19916.jpg,3
9392.jpg,0
19869.jpg,4
1722.jpg,2
2275.jpg,4
8893.jpg,1
16995.jpg,1
19157.jpg,0
21460.jpg,1
23235.jpg,3
18482.jpg,4
24217.jpg,3
6484.jpg,1
23147.jpg,2
2084.jpg,5
3285.jpg,2
7650.jpg,1
21577.jpg,1
5966.jpg,1
23198.jpg,2
18706.jpg,3
7067.jpg,2
19850.jpg,5
7682.jpg,3
2794.jpg,5
21953.jpg,0
494.jpg,3
14090.jpg,4
13018.jpg,4
13321.jpg,4
12785.jpg,1
16497.jpg,1
9992.jpg,1
2977.jpg,1
1801.jpg,4
3846.jpg,1
14877.jpg,0
22135.jpg,3
23054.jpg,0
12189.jpg,2
19048.jpg,0
15351.jpg,3
13073.jpg,5
17129.jpg,1
5443.jpg,2
8040.jpg,0
3947.jpg,2
9331.jpg,5
15253.jpg,5
13660.jpg,4
3646.jpg,5
14589.jpg,0
3363.jpg,2
12844.jpg,4
6593.jpg,5
6980.jpg,3
23654.jpg,5
252.jpg,3
2031.jpg,0
12866.jpg,0
12045.jpg,1
4782.jpg,2
6882.jpg,3
10625.jpg,4
2117.jpg,1
16270.jpg,5
9382.jpg,0
14391.jpg,5
16816.jpg,5
2427.jpg,0
676.jpg,3
7348.jpg,3
5933.jpg,3
17233.jpg,2
19651.jpg,2
20711.jpg,5
18739.jpg,4
23064.jpg,2
5668.jpg,4
957.jpg,1
5061.jpg,2
8783.jpg,2
22651.jpg,4
2779.jpg,1
3276.jpg,1
2906.jpg,0
6478.jpg,5
7579.jpg,5
18610.jpg,5
23326.jpg,5
23811.jpg,3
1972.jpg,3
16033.jpg,2
19047.jpg,4
10844.jpg,4
4802.jpg,2
13561.jpg,2
13214.jpg,5
2622.jpg,3
5113.jpg,1
23399.jpg,4
4668.jpg,4
5481.jpg,1
4816.jpg,1
17931.jpg,0
7162.jpg,1
1678.jpg,2
227.jpg,4
3037.jpg,3
14913.jpg,3
23238.jpg,1
13550.jpg,4
6542.jpg,1
3782.jpg,0
11593.jpg,0
5685.jpg,0
17392.jpg,2
1428.jpg,3
7481.jpg,2
17342.jpg,2
1830.jpg,3
2398.jpg,0
17832.jpg,2
22922.jpg,1
15148.jpg,0
24194.jpg,5
7964.jpg,0
8583.jpg,2
11509.jpg,1
12312.jpg,1
12709.jpg,2
17292.jpg,1
17533.jpg,5
8287.jpg,0
13341.jpg,3
19409.jpg,0
17681.jpg,1
11742.jpg,1
10021.jpg,1
16822.jpg,3
10814.jpg,5
17738.jpg,5
8675.jpg,4
11227.jpg,0
3975.jpg,3
22474.jpg,4
20009.jpg,0
2634.jpg,0
10631.jpg,4
19064.jpg,4
9849.jpg,4
2276.jpg,1
19050.jpg,5
7611.jpg,1
3930.jpg,1
20422.jpg,2
8941.jpg,1
9973.jpg,4
6148.jpg,1
16486.jpg,1
20462.jpg,5
10875.jpg,2
22480.jpg,4
12098.jpg,2
7661.jpg,0
3466.jpg,5
20291.jpg,0
8753.jpg,0
19597.jpg,5
22226.jpg,4
20760.jpg,1
17869.jpg,1
15951.jpg,5
13554.jpg,2
6931.jpg,0
14006.jpg,3
17614.jpg,1
17415.jpg,3
7137.jpg,4
8158.jpg,5
11781.jpg,2
4807.jpg,5
19287.jpg,5
3002.jpg,5
16351.jpg,1
15492.jpg,0
23696.jpg,1
4931.jpg,4
18738.jpg,2
4331.jpg,2
12980.jpg,2
21003.jpg,1
15519.jpg,2
3451.jpg,5
21002.jpg,5
21925.jpg,5
17982.jpg,4
12642.jpg,2
7099.jpg,5
18633.jpg,4
16098.jpg,0
7280.jpg,0
3390.jpg,2
4353.jpg,3
19687.jpg,4
11619.jpg,3
6930.jpg,2
24168.jpg,4
1382.jpg,3
12643.jpg,4
20130.jpg,3
23200.jpg,0
16197.jpg,0
9552.jpg,4
22535.jpg,4
10968.jpg,5
14983.jpg,0
21057.jpg,5
9374.jpg,2
11324.jpg,2
3042.jpg,1
1226.jpg,1
15918.jpg,4
14624.jpg,3
15312.jpg,0
23742.jpg,2
20034.jpg,3
4138.jpg,0
7272.jpg,1
7391.jpg,0
3242.jpg,5
12085.jpg,4
1239.jpg,3
20220.jpg,2
11998.jpg,4
10557.jpg,3
1279.jpg,0
11904.jpg,0
24068.jpg,1
5863.jpg,5
23140.jpg,2
5982.jpg,3
5057.jpg,2
22638.jpg,3
18094.jpg,4
6489.jpg,1
11120.jpg,4
7069.jpg,3
21166.jpg,0
20784.jpg,1
10612.jpg,4
6948.jpg,4
4976.jpg,4
22892.jpg,4
15643.jpg,1
560.jpg,1
4285.jpg,1
16045.jpg,3
5991.jpg,3
10038.jpg,4
4572.jpg,5
11318.jpg,4
14381.jpg,5
410.jpg,2
14666.jpg,0
274.jpg,4
20875.jpg,2
16689.jpg,4
21444.jpg,0
24038.jpg,1
9837.jpg,1
1708.jpg,5
2473.jpg,4
14841.jpg,1
19088.jpg,4
18563.jpg,3
4584.jpg,5
21181.jpg,1
13830.jpg,3
4105.jpg,3
14574.jpg,2
20529.jpg,3
16844.jpg,2
16120.jpg,2
5157.jpg,3
10817.jpg,5
9257.jpg,2
15747.jpg,4
2141.jpg,5
2542.jpg,2
22297.jpg,5
17150.jpg,4
10243.jpg,3
7304.jpg,2
14496.jpg,4
1746.jpg,1
2330.jpg,1
10858.jpg,1
3907.jpg,4
21374.jpg,0
7159.jpg,4
19751.jpg,0
12577.jpg,2
22242.jpg,1
215.jpg,4
13282.jpg,1
12453.jpg,3
20192.jpg,5
2637.jpg,2
22594.jpg,4
24102.jpg,1
14828.jpg,1
20990.jpg,5
1328.jpg,4
9775.jpg,2
10879.jpg,1
18229.jpg,5
5659.jpg,3
2941.jpg,4
3379.jpg,5
3159.jpg,1
20483.jpg,2
8865.jpg,3
19351.jpg,1
14926.jpg,0
4611.jpg,4
17637.jpg,0
3714.jpg,2
5303.jpg,3
20689.jpg,3
3627.jpg,4
14759.jpg,1
9882.jpg,0
20727.jpg,1
1727.jpg,0
4237.jpg,5
5839.jpg,5
3080.jpg,5
9469.jpg,4
16317.jpg,0
14254.jpg,2
7592.jpg,0
18695.jpg,2
3478.jpg,3
20593.jpg,3
13620.jpg,5
21208.jpg,3
6677.jpg,5
23504.jpg,0
10498.jpg,2
18581.jpg,2
2974.jpg,0
1356.jpg,3
19033.jpg,4
6246.jpg,4
9272.jpg,4
12869.jpg,2
1882.jpg,3
1994.jpg,2
22359.jpg,2
21939.jpg,5
9691.jpg,4
5315.jpg,0
21070.jpg,1
11172.jpg,3
1585.jpg,4
21523.jpg,3
16530.jpg,3
13036.jpg,2
18406.jpg,3
16461.jpg,1
11126.jpg,4
13342.jpg,5
21489.jpg,4
4369.jpg,5
18693.jpg,1
8721.jpg,1
21178.jpg,0
14755.jpg,5
16216.jpg,3
9183.jpg,5
11617.jpg,1
9963.jpg,5
18964.jpg,2
23311.jpg,4
14899.jpg,0
8910.jpg,2
5903.jpg,4
22002.jpg,4
9122.jpg,4
15630.jpg,1
4804.jpg,2
13547.jpg,4
2551.jpg,1
8370.jpg,3
12677.jpg,0
8184.jpg,4
20964.jpg,3
1241.jpg,4
21439.jpg,4
10311.jpg,1
6650.jpg,5
16767.jpg,0
3544.jpg,3
16997.jpg,1
21696.jpg,4
2050.jpg,2
20775.jpg,0
10871.jpg,5
19801.jpg,1
18896.jpg,2
15712.jpg,0
11462.jpg,3
13001.jpg,2
18892.jpg,4
19979.jpg,4
13407.jpg,0
3728.jpg,1
16858.jpg,3
1190.jpg,4
5609.jpg,0
5981.jpg,5
4315.jpg,3
22739.jpg,2
1113.jpg,4
4126.jpg,0
21429.jpg,3
17536.jpg,2
11547.jpg,1
20758.jpg,1
3946.jpg,5
9031.jpg,3
7310.jpg,3
2438.jpg,2
6183.jpg,1
144.jpg,0
3127.jpg,3
15947.jpg,2
7649.jpg,3
16976.jpg,3
19423.jpg,5
798.jpg,4
18055.jpg,2
9909.jpg,3
3776.jpg,4
13786.jpg,3
1053.jpg,0
1276.jpg,0
23524.jpg,4
20969.jpg,5
15461.jpg,3
10976.jpg,0
19804.jpg,0
17493.jpg,5
2606.jpg,2
17692.jpg,1
2898.jpg,3
17746.jpg,2
8164.jpg,4
9565.jpg,3
16361.jpg,2
12825.jpg,4
16093.jpg,4
19899.jpg,5
2572.jpg,0
20697.jpg,0
20139.jpg,5
21585.jpg,1
7305.jpg,5
13367.jpg,4
4990.jpg,1
4019.jpg,1
4229.jpg,0
13606.jpg,4
17369.jpg,5
6693.jpg,0
17878.jpg,4
3201.jpg,2
4773.jpg,5
18591.jpg,1
3854.jpg,4
18200.jpg,5
2718.jpg,2
19100.jpg,3
13607.jpg,2
18118.jpg,1
17573.jpg,1
13199.jpg,3
7676.jpg,2
23086.jpg,4
13136.jpg,3
5882.jpg,2
10771.jpg,5
7878.jpg,2
1302.jpg,4
21626.jpg,5
3464.jpg,2
2760.jpg,5
16228.jpg,4
2240.jpg,0
19390.jpg,2
17696.jpg,1
23571.jpg,0
9598.jpg,1
16121.jpg,0
13204.jpg,0
2860.jpg,2
21124.jpg,5
4503.jpg,0
8677.jpg,4
19569.jpg,3
14444.jpg,5
3536.jpg,4
11021.jpg,1
7066.jpg,1
21184.jpg,4
2532.jpg,2
11805.jpg,5
16428.jpg,2
13964.jpg,3
12321.jpg,0
10806.jpg,2
6320.jpg,0
4837.jpg,0
88.jpg,1
23128.jpg,2
14395.jpg,2
5389.jpg,5
18611.jpg,5
1831.jpg,2
10910.jpg,1
5010.jpg,4
18961.jpg,2
17512.jpg,2
6819.jpg,4
3640.jpg,0
14699.jpg,0
84.jpg,3
4670.jpg,2
10545.jpg,3
21687.jpg,4
7377.jpg,1
4190.jpg,1
3821.jpg,0
7075.jpg,3
